kode_prov,kode_kabkota,nama_prov,nama_kab,n_sppg,pop_total_2025,pop_anak_6_18_2025,n_sample_anak_6_18,share_rawan_moderate_severe_2025,share_rawan_severe_2025,sppg_per_10k_anak,sppg_per_10k_total,fies_norm,sppg_density_norm,gap_score,rank_gap,tier,quadrant
97,9708,Papua Pegunungan,Kab Pegunungan Bintang,0,79646,22751,442,0.5503,0.4229,0.0,0.0,1.0,0.0,1.0,1,Tier 1 - Prioritas Tinggi,GAP
95,9502,Papua Selatan,Kab Boven Digoel,1,74045,17284,546,0.2003,0.1445,0.58,0.14,0.364,0.0075,0.3612,2,Tier 1 - Prioritas Tinggi,GAP
94,9427,Papua,Kab Supiori,1,22255,6515,524,0.1823,0.0914,1.53,0.45,0.3313,0.0199,0.3247,3,Tier 1 - Prioritas Tinggi,GAP
81,8102,Maluku,Kab Maluku Tenggara,4,101263,25141,615,0.1589,0.0494,1.59,0.4,0.2886,0.0206,0.2827,4,Tier 1 - Prioritas Tinggi,GAP
53,5321,Nusa Tenggara Timur,Kab Malaka,13,207393,54737,608,0.1604,0.0563,2.37,0.63,0.2914,0.0308,0.2824,5,Tier 1 - Prioritas Tinggi,GAP
12,1225,Sumatera Utara,Kab Nias Barat,8,82936,25594,785,0.1614,0.0733,3.13,0.96,0.2933,0.0405,0.2814,6,Tier 1 - Prioritas Tinggi,GAP
75,7504,Gorontalo,Kab Bone Bolango,14,160443,34355,512,0.1379,0.0692,4.08,0.87,0.2505,0.0529,0.2372,7,Tier 1 - Prioritas Tinggi,Sudah Tertangani
91,9112,Papua Barat,Kab Pegunungan Arfak,0,38408,9223,254,0.1261,0.0478,0.0,0.0,0.2291,0.0,0.2291,8,Tier 1 - Prioritas Tinggi,GAP
53,5318,Nusa Tenggara Timur,Kab Nagekeo,11,152940,34971,574,0.1224,0.012,3.15,0.72,0.2224,0.0408,0.2133,9,Tier 1 - Prioritas Tinggi,GAP
81,8101,Maluku,Kab Kepulauan Tanimbar,2,113157,28481,605,0.1148,0.0376,0.7,0.18,0.2085,0.0091,0.2066,10,Tier 1 - Prioritas Tinggi,GAP
91,9102,Papua Barat,Kab Kaimana,6,71575,18134,574,0.1168,0.0951,3.31,0.84,0.2123,0.0429,0.2032,11,Tier 1 - Prioritas Tinggi,GAP
53,5303,Nusa Tenggara Timur,Kab Kupang,0,430580,101588,662,0.1099,0.0443,0.0,0.0,0.1998,0.0,0.1998,12,Tier 1 - Prioritas Tinggi,GAP
53,5309,Nusa Tenggara Timur,Kab Flores Timur,9,265840,65857,595,0.1115,0.0351,1.37,0.34,0.2026,0.0177,0.1991,13,Tier 1 - Prioritas Tinggi,GAP
53,5317,Nusa Tenggara Timur,Kab Sumba Barat Daya,8,380738,113281,998,0.1042,0.0177,0.71,0.21,0.1893,0.0092,0.1875,14,Tier 1 - Prioritas Tinggi,GAP
13,1371,Sumatera Barat,Kota Padang,72,1030979,223663,691,0.1064,0.0222,3.22,0.7,0.1933,0.0418,0.1852,15,Tier 1 - Prioritas Tinggi,GAP
95,9503,Papua Selatan,Kab Mappi,1,107133,31140,789,0.1004,0.0534,0.32,0.09,0.1824,0.0042,0.1817,16,Tier 1 - Prioritas Tinggi,GAP
62,6213,Kalimantan Tengah,Kab Murung Raya,2,123442,31483,470,0.097,0.0383,0.64,0.16,0.1763,0.0082,0.1749,17,Tier 1 - Prioritas Tinggi,GAP
12,1278,Sumatera Utara,Kota Gunungsitoli,17,151908,40638,707,0.1004,0.0333,4.18,1.12,0.1824,0.0543,0.1725,18,Tier 1 - Prioritas Tinggi,Sudah Tertangani
92,9271,Papua Barat Daya,Kota Sorong,23,305595,70135,612,0.0988,0.0633,3.28,0.75,0.1795,0.0425,0.1718,19,Tier 1 - Prioritas Tinggi,GAP
53,5312,Nusa Tenggara Timur,Kab Ngada,10,174077,42487,533,0.096,0.0506,2.35,0.57,0.1745,0.0305,0.1692,20,Tier 1 - Prioritas Tinggi,GAP
53,5305,Nusa Tenggara Timur,Kab Timor Tengah Utara,14,264966,66965,645,0.092,0.0234,2.09,0.53,0.1672,0.0271,0.1626,21,Tier 1 - Prioritas Tinggi,GAP
81,8105,Maluku,Kab Kepulauan Aru,2,96298,24232,723,0.09,0.0485,0.83,0.21,0.1636,0.0107,0.1618,22,Tier 1 - Prioritas Tinggi,GAP
92,9203,Papua Barat Daya,Kab Sorong Selatan,3,53745,14375,682,0.0904,0.0265,2.09,0.56,0.1642,0.0271,0.1597,23,Tier 1 - Prioritas Tinggi,GAP
91,9105,Papua Barat,Kab Manokwari,24,182538,47266,636,0.0939,0.0594,5.08,1.31,0.1705,0.0659,0.1593,24,Tier 1 - Prioritas Tinggi,Sudah Tertangani
92,9205,Papua Barat Daya,Kab Tambrauw,0,17132,5140,521,0.0875,0.0167,0.0,0.0,0.159,0.0,0.159,25,Tier 1 - Prioritas Tinggi,GAP
72,7207,Sulawesi Tengah,Kab Buol,9,179074,45100,668,0.0873,0.0344,2.0,0.5,0.1587,0.0259,0.1546,26,Tier 1 - Prioritas Tinggi,GAP
82,8204,Maluku Utara,Kab Halmahera Selatan,19,245031,61920,671,0.0873,0.0298,3.07,0.78,0.1587,0.0398,0.1523,27,Tier 1 - Prioritas Tinggi,GAP
52,5205,Nusa Tenggara Barat,Kab Dompu,18,280438,71476,546,0.086,0.0295,2.52,0.64,0.1562,0.0327,0.1511,28,Tier 1 - Prioritas Tinggi,GAP
53,5308,Nusa Tenggara Timur,Kab Lembata,4,158094,35886,510,0.0825,0.0081,1.11,0.25,0.1499,0.0145,0.1477,29,Tier 1 - Prioritas Tinggi,GAP
52,5204,Nusa Tenggara Barat,Kab Sumbawa,25,494065,108959,585,0.0838,0.0469,2.29,0.51,0.1522,0.0298,0.1477,30,Tier 1 - Prioritas Tinggi,GAP
12,1214,Sumatera Utara,Kab Nias Selatan,26,335922,95427,801,0.0825,0.0504,2.72,0.77,0.1499,0.0353,0.1446,31,Tier 1 - Prioritas Tinggi,GAP
94,9409,Papua,Kab Biak Numfor,9,154429,34735,636,0.0817,0.0116,2.59,0.58,0.1485,0.0336,0.1435,32,Tier 1 - Prioritas Tinggi,GAP
94,9420,Papua,Kab Keerom,6,60726,13788,499,0.0824,0.014,4.35,0.99,0.1497,0.0564,0.1413,33,Tier 1 - Prioritas Tinggi,Sudah Tertangani
36,3602,Banten,Kab Lebak,198,1326772,319134,786,0.0839,0.0082,6.2,1.49,0.1524,0.0805,0.1401,34,Tier 1 - Prioritas Tinggi,Sudah Tertangani
96,9605,Papua Tengah,Kab Paniai,0,174210,41055,264,0.0762,0.0431,0.0,0.0,0.1384,0.0,0.1384,35,Tier 1 - Prioritas Tinggi,GAP
92,9202,Papua Barat Daya,Kab Sorong,0,102016,24267,562,0.0758,0.0268,0.0,0.0,0.1377,0.0,0.1377,36,Tier 1 - Prioritas Tinggi,GAP
53,5302,Nusa Tenggara Timur,Kab Sumba Timur,4,274359,67220,741,0.076,0.0241,0.6,0.15,0.1381,0.0077,0.1371,37,Tier 1 - Prioritas Tinggi,GAP
53,5307,Nusa Tenggara Timur,Kab Alor,10,211527,50971,716,0.077,0.0326,1.96,0.47,0.1399,0.0254,0.1363,38,Tier 1 - Prioritas Tinggi,GAP
53,5310,Nusa Tenggara Timur,Kab Sikka,19,326571,72140,647,0.0775,0.0493,2.63,0.58,0.1408,0.0342,0.136,39,Tier 1 - Prioritas Tinggi,GAP
53,5316,Nusa Tenggara Timur,Kab Sumba Tengah,1,78025,19380,613,0.0741,0.037,0.52,0.13,0.1346,0.0067,0.1337,40,Tier 1 - Prioritas Tinggi,GAP
53,5319,Nusa Tenggara Timur,Kab Manggarai Timur,8,301944,79215,629,0.074,0.0204,1.01,0.26,0.1344,0.0131,0.1327,41,Tier 1 - Prioritas Tinggi,GAP
72,7208,Sulawesi Tengah,Kab Parigi Moutong,20,531999,123326,695,0.0727,0.0183,1.62,0.38,0.1321,0.021,0.1293,42,Tier 1 - Prioritas Tinggi,GAP
53,5306,Nusa Tenggara Timur,Kab Belu,9,237715,63118,665,0.0723,0.0237,1.43,0.38,0.1314,0.0185,0.129,43,Tier 1 - Prioritas Tinggi,GAP
72,7206,Sulawesi Tengah,Kab Toli Toli,21,245656,58736,573,0.0741,0.0491,3.58,0.85,0.1347,0.0464,0.1284,44,Tier 1 - Prioritas Tinggi,GAP
95,9504,Papua Selatan,Kab Asmat,4,109065,34015,614,0.0718,0.0407,1.18,0.37,0.1304,0.0153,0.1284,45,Tier 1 - Prioritas Tinggi,GAP
71,7172,Sulawesi Utara,Kota Bitung,10,233730,50302,490,0.0718,0.0467,1.99,0.43,0.1305,0.0258,0.1271,46,Tier 1 - Prioritas Tinggi,GAP
91,9103,Papua Barat,Kab Teluk Wondama,2,36857,9414,583,0.0717,0.0287,2.12,0.54,0.1304,0.0276,0.1268,47,Tier 1 - Prioritas Tinggi,GAP
52,5206,Nusa Tenggara Barat,Kab Bima,0,530674,128566,606,0.0694,0.0034,0.0,0.0,0.1261,0.0,0.1261,48,Tier 1 - Prioritas Tinggi,GAP
91,9101,Papua Barat,Kab Fak Fak,7,85792,20310,501,0.0717,0.0561,3.45,0.82,0.1303,0.0447,0.1245,49,Tier 1 - Prioritas Tinggi,GAP
72,7271,Sulawesi Tengah,Kota Palu,37,418337,91438,508,0.0705,0.032,4.05,0.88,0.1281,0.0525,0.1213,50,Tier 1 - Prioritas Tinggi,Sudah Tertangani
81,8107,Maluku,Kab Seram Bagian Timur,6,116381,29297,654,0.0684,0.0526,2.05,0.52,0.1242,0.0266,0.1209,51,Tier 1 - Prioritas Tinggi,GAP
82,8207,Maluku Utara,Kab Pulau Morotai,3,73302,17643,528,0.0666,0.0205,1.7,0.41,0.121,0.0221,0.1183,52,Tier 1 - Prioritas Tinggi,GAP
53,5301,Nusa Tenggara Timur,Kab Sumba Barat,3,140043,38980,742,0.0658,0.0215,0.77,0.21,0.1195,0.01,0.1183,53,Tier 1 - Prioritas Tinggi,GAP
94,9408,Papua,Kab Kepulauan Yapen,9,102495,26390,578,0.0656,0.0268,3.41,0.88,0.1191,0.0442,0.1139,54,Tier 1 - Prioritas Tinggi,GAP
91,9104,Papua Barat,Kab Teluk Bintuni,6,72935,18710,595,0.0649,0.0307,3.21,0.82,0.1179,0.0416,0.113,55,Tier 1 - Prioritas Tinggi,GAP
97,9704,Papua Pegunungan,Kab Tolikara,0,158662,50388,549,0.0618,0.0309,0.0,0.0,0.1122,0.0,0.1122,56,Tier 1 - Prioritas Tinggi,GAP
94,9471,Papua,Kota Jayapura,53,318554,63141,656,0.0692,0.0325,8.39,1.66,0.1258,0.1089,0.1121,57,Tier 1 - Prioritas Tinggi,Sudah Tertangani
65,6501,Kalimantan Utara,Kab Malinau,3,94387,23293,539,0.062,0.0053,1.29,0.32,0.1127,0.0167,0.1108,58,Tier 1 - Prioritas Tinggi,GAP
13,1301,Sumatera Barat,Kab Kepulauan Mentawai,0,103980,27437,454,0.0603,0.0218,0.0,0.0,0.1095,0.0,0.1095,59,Tier 1 - Prioritas Tinggi,GAP
32,3204,Jawa Barat,Kab Bandung,0,3906335,861064,910,0.0577,0.0232,0.0,0.0,0.1049,0.0,0.1049,60,Tier 1 - Prioritas Tinggi,GAP
18,1871,Lampung,Kota Bandar Lampung,144,1154065,242120,643,0.0617,0.0235,5.95,1.25,0.1121,0.0771,0.1035,61,Tier 1 - Prioritas Tinggi,Sudah Tertangani
71,7107,Sulawesi Utara,Kab Bolaang Mongondow Utara,2,84375,19154,410,0.0568,0.0108,1.04,0.24,0.1033,0.0135,0.1019,62,Tier 1 - Prioritas Tinggi,GAP
81,8106,Maluku,Kab Seram Bagian Barat,17,173957,45948,746,0.0579,0.0192,3.7,0.98,0.1053,0.048,0.1002,63,Tier 1 - Prioritas Tinggi,GAP
63,6302,Kalimantan Selatan,Kab Kotabaru,6,362296,84721,583,0.0554,0.0277,0.71,0.17,0.1007,0.0092,0.0997,64,Tier 1 - Prioritas Tinggi,GAP
21,2102,Kepulauan Riau,Kab Bintan,19,169899,37963,505,0.0585,0.0298,5.0,1.12,0.1063,0.0649,0.0994,65,Tier 1 - Prioritas Tinggi,Sudah Tertangani
72,7209,Sulawesi Tengah,Kab Tojo Una Una,14,160771,37263,510,0.0573,0.0259,3.76,0.87,0.1041,0.0487,0.0991,66,Tier 1 - Prioritas Tinggi,Sudah Tertangani
16,1610,Sumatera Selatan,Kab Ogan Ilir,52,455042,108145,571,0.0554,0.0468,4.81,1.14,0.1007,0.0624,0.0945,67,Tier 1 - Prioritas Tinggi,Sudah Tertangani
61,6107,Kalimantan Barat,Kab Sintang,10,441842,100004,584,0.0521,0.0449,1.0,0.23,0.0947,0.013,0.0935,68,Tier 1 - Prioritas Tinggi,GAP
53,5314,Nusa Tenggara Timur,Kab Rote Ndao,8,211872,51079,675,0.0524,0.0202,1.57,0.38,0.0952,0.0203,0.0933,69,Tier 1 - Prioritas Tinggi,GAP
76,7604,Sulawesi Barat,Kab Mamuju,34,321797,77819,726,0.0538,0.0445,4.37,1.06,0.0978,0.0567,0.0922,70,Tier 1 - Prioritas Tinggi,Sudah Tertangani
81,8171,Maluku,Kota Ambon,32,513200,108229,580,0.0523,0.0069,2.96,0.62,0.0951,0.0384,0.0914,71,Tier 1 - Prioritas Tinggi,GAP
72,7210,Sulawesi Tengah,Kab Sigi,21,248610,54328,498,0.0527,0.0314,3.87,0.84,0.0958,0.0501,0.091,72,Tier 1 - Prioritas Tinggi,Sudah Tertangani
13,1307,Sumatera Barat,Kab Agam,34,512420,121689,681,0.0506,0.0207,2.79,0.66,0.0919,0.0362,0.0886,73,Tier 1 - Prioritas Tinggi,GAP
12,1224,Sumatera Utara,Kab Nias Utara,14,142623,42558,798,0.0502,0.0055,3.29,0.98,0.0912,0.0427,0.0873,74,Tier 1 - Prioritas Tinggi,GAP
81,8109,Maluku,Kab Buru Selatan,3,64883,17803,665,0.0484,0.0161,1.69,0.46,0.0879,0.0219,0.086,75,Tier 1 - Prioritas Tinggi,GAP
32,3209,Jawa Barat,Kab Cirebon,0,2244398,489613,718,0.0469,0.0288,0.0,0.0,0.0852,0.0,0.0852,76,Tier 1 - Prioritas Tinggi,GAP
33,3329,Jawa Tengah,Kab Brebes,204,1818481,399208,717,0.0501,0.0255,5.11,1.12,0.0911,0.0663,0.0851,77,Tier 1 - Prioritas Tinggi,Sudah Tertangani
72,7202,Sulawesi Tengah,Kab Banggai,28,404004,88451,565,0.0482,0.0146,3.17,0.69,0.0876,0.0411,0.084,78,Tier 1 - Prioritas Tinggi,GAP
52,5272,Nusa Tenggara Barat,Kota Bima,91,198501,45525,455,0.062,0.0114,19.99,4.58,0.1126,0.2593,0.0834,79,Tier 1 - Prioritas Tinggi,Sudah Tertangani
36,3601,Banten,Kab Pandeglang,195,1237349,293889,797,0.05,0.0303,6.64,1.58,0.0909,0.0861,0.083,80,Tier 1 - Prioritas Tinggi,Sudah Tertangani
62,6211,Kalimantan Tengah,Kab Gunung Mas,3,121691,29294,553,0.0461,0.0179,1.02,0.25,0.0838,0.0133,0.0827,81,Tier 1 - Prioritas Tinggi,GAP
96,9606,Papua Tengah,Kab Intan Jaya,0,54510,12891,281,0.0447,0.024,0.0,0.0,0.0811,0.0,0.0811,82,Tier 1 - Prioritas Tinggi,GAP
33,3375,Jawa Tengah,Kota Pekalongan,138,317277,66296,513,0.0608,0.0412,20.82,4.35,0.1105,0.27,0.0806,83,Tier 1 - Prioritas Tinggi,Sudah Tertangani
32,3206,Jawa Barat,Kab Tasikmalaya,0,1833024,377810,652,0.0443,0.0342,0.0,0.0,0.0805,0.0,0.0805,84,Tier 1 - Prioritas Tinggi,GAP
33,3327,Jawa Tengah,Kab Pemalang,148,1301674,280941,698,0.0469,0.0182,5.27,1.14,0.0853,0.0683,0.0794,85,Tier 1 - Prioritas Tinggi,Sudah Tertangani
94,9403,Papua,Kab Jayapura,0,131886,29488,581,0.0437,0.0251,0.0,0.0,0.0793,0.0,0.0793,86,Tier 1 - Prioritas Tinggi,GAP
95,9501,Papua Selatan,Kab Merauke,12,245161,52987,595,0.0449,0.0365,2.26,0.49,0.0817,0.0294,0.0793,87,Tier 1 - Prioritas Tinggi,GAP
32,3275,Jawa Barat,Kota Bekasi,594,3268138,613534,736,0.0498,0.0248,9.68,1.82,0.0904,0.1256,0.0791,88,Tier 1 - Prioritas Tinggi,Sudah Tertangani
72,7204,Sulawesi Tengah,Kab Poso,23,282985,57503,460,0.0459,0.0338,4.0,0.81,0.0834,0.0519,0.0791,89,Tier 1 - Prioritas Tinggi,Sudah Tertangani
13,1373,Sumatera Barat,Kota Sawahlunto,3,65858,14315,439,0.0446,0.027,2.1,0.46,0.0811,0.0272,0.0789,90,Tier 1 - Prioritas Tinggi,GAP
14,1405,Riau,Kab Siak,58,534067,139325,708,0.0458,0.0188,4.16,1.09,0.0833,0.054,0.0788,91,Tier 1 - Prioritas Tinggi,Sudah Tertangani
15,1502,Jambi,Kab Merangin,22,401306,88512,524,0.0441,0.0076,2.49,0.55,0.0801,0.0322,0.0775,92,Tier 1 - Prioritas Tinggi,GAP
14,1406,Riau,Kab Kampar,114,932982,235649,808,0.044,0.0108,4.84,1.22,0.08,0.0628,0.075,93,Tier 1 - Prioritas Tinggi,Sudah Tertangani
32,3217,Jawa Barat,Kab Bandung Barat,233,1719387,368926,712,0.0449,0.0183,6.32,1.36,0.0816,0.0819,0.0749,94,Tier 1 - Prioritas Tinggi,Sudah Tertangani
33,3325,Jawa Tengah,Kab Batang,92,793002,153584,553,0.0444,0.0191,5.99,1.16,0.0806,0.0777,0.0743,95,Tier 1 - Prioritas Tinggi,Sudah Tertangani
71,7106,Sulawesi Utara,Kab Minahasa Utara,13,206607,42575,494,0.0425,0.0252,3.05,0.63,0.0773,0.0396,0.0742,96,Tier 1 - Prioritas Tinggi,GAP
31,3173,DKI Jakarta,Kota ADM Jakarta Pusat,48,915127,163996,425,0.0425,0.01,2.93,0.52,0.0771,0.038,0.0742,97,Tier 1 - Prioritas Tinggi,GAP
12,1212,Sumatera Utara,Kab Deli Serdang,229,2494842,562929,854,0.0431,0.0285,4.07,0.92,0.0783,0.0528,0.0741,98,Tier 1 - Prioritas Tinggi,Sudah Tertangani
81,8103,Maluku,Kab Maluku Tengah,25,377240,91762,679,0.0421,0.023,2.72,0.66,0.0766,0.0353,0.0739,99,Tier 1 - Prioritas Tinggi,GAP
71,7111,Sulawesi Utara,Kab Bolaang Mongondow Timur,3,75815,16415,366,0.0414,0.0334,1.83,0.4,0.0752,0.0237,0.0734,100,Tier 1 - Prioritas Tinggi,GAP
76,7605,Sulawesi Barat,Kab Pasangkayu,24,194524,44643,585,0.0433,0.0159,5.38,1.23,0.0786,0.0697,0.0732,101,Tier 1 - Prioritas Tinggi,Sudah Tertangani
53,5313,Nusa Tenggara Timur,Kab Manggarai,29,363515,95653,656,0.041,0.0197,3.03,0.8,0.0746,0.0393,0.0717,102,Tier 1 - Prioritas Tinggi,GAP
14,1403,Riau,Kab Indragiri Hilir,39,726071,171597,650,0.0406,0.0199,2.27,0.54,0.0738,0.0295,0.0716,103,Tier 1 - Prioritas Tinggi,GAP
13,1302,Sumatera Barat,Kab Pesisir Selatan,38,483982,115245,668,0.041,0.0199,3.3,0.79,0.0745,0.0428,0.0713,104,Tier 1 - Prioritas Tinggi,GAP
71,7104,Sulawesi Utara,Kab Kepulauan Talaud,5,95323,20642,420,0.0405,0.0201,2.42,0.52,0.0736,0.0314,0.0713,105,Tier 1 - Prioritas Tinggi,GAP
82,8205,Maluku Utara,Kab Halmahera Utara,20,203145,50047,622,0.0409,0.0111,4.0,0.98,0.0743,0.0518,0.0704,106,Tier 1 - Prioritas Tinggi,Sudah Tertangani
13,1312,Sumatera Barat,Kab Pasaman Barat,12,503314,127363,708,0.0392,0.0112,0.94,0.24,0.0712,0.0122,0.0704,107,Tier 1 - Prioritas Tinggi,GAP
32,3278,Jawa Barat,Kota Tasikmalaya,424,694136,143768,612,0.0618,0.035,29.49,6.11,0.1124,0.3825,0.0694,108,Tier 1 - Prioritas Tinggi,Sudah Tertangani
61,6111,Kalimantan Barat,Kab Kayong Utara,16,120906,27180,506,0.0413,0.0305,5.89,1.32,0.0751,0.0764,0.0693,109,Tier 1 - Prioritas Tinggi,Sudah Tertangani
32,3215,Jawa Barat,Kab Karawang,293,2399472,495278,735,0.0411,0.0125,5.92,1.22,0.0747,0.0767,0.069,110,Tier 1 - Prioritas Tinggi,Sudah Tertangani
72,7211,Sulawesi Tengah,Kab Banggai Laut,7,82132,20745,475,0.0396,0.0222,3.37,0.85,0.0719,0.0438,0.0687,111,Tier 1 - Prioritas Tinggi,GAP
12,1201,Sumatera Utara,Kab Nias,14,146316,45975,843,0.039,0.023,3.05,0.96,0.0709,0.0395,0.0681,112,Tier 1 - Prioritas Tinggi,GAP
64,6409,Kalimantan Timur,Kab Penajam Paser Utara,12,161551,34081,480,0.0391,0.0174,3.52,0.74,0.0711,0.0457,0.0679,113,Tier 1 - Prioritas Tinggi,GAP
21,2172,Kepulauan Riau,Kota Tanjung Pinang,24,226074,51169,517,0.0397,0.0088,4.69,1.06,0.0722,0.0608,0.0678,114,Tier 1 - Prioritas Tinggi,Sudah Tertangani
11,1174,Aceh,Kota Lhokseumawe,26,220834,53308,512,0.0395,0.0065,4.88,1.18,0.0718,0.0633,0.0673,115,Tier 1 - Prioritas Tinggi,Sudah Tertangani
65,6502,Kalimantan Utara,Kab Bulungan,14,136658,30851,555,0.0389,0.0292,4.54,1.02,0.0707,0.0589,0.0665,116,Tier 1 - Prioritas Tinggi,Sudah Tertangani
33,3328,Jawa Tengah,Kab Tegal,0,1438928,306448,682,0.0366,0.0217,0.0,0.0,0.0664,0.0,0.0664,117,Tier 1 - Prioritas Tinggi,GAP
12,1204,Sumatera Utara,Kab Tapanuli Tengah,31,424031,119579,792,0.0376,0.0207,2.59,0.73,0.0683,0.0336,0.066,118,Tier 1 - Prioritas Tinggi,GAP
15,1572,Jambi,Kota Sungai Penuh,11,88794,18331,385,0.0392,0.0041,6.0,1.24,0.0712,0.0778,0.0657,119,Tier 1 - Prioritas Tinggi,Sudah Tertangani
14,1409,Riau,Kab Rokan Hilir,71,775001,211506,742,0.0376,0.0184,3.36,0.92,0.0683,0.0435,0.0654,120,Tier 1 - Prioritas Tinggi,GAP
32,3201,Jawa Barat,Kab Bogor,0,6424531,1487797,960,0.0359,0.0159,0.0,0.0,0.0653,0.0,0.0653,121,Tier 1 - Prioritas Tinggi,GAP
53,5320,Nusa Tenggara Timur,Kab Sabu Raijua,2,112795,29689,590,0.0357,0.0046,0.67,0.18,0.0648,0.0087,0.0642,122,Tier 1 - Prioritas Tinggi,GAP
36,3603,Banten,Kab Tangerang,0,4138497,908355,890,0.0353,0.0094,0.0,0.0,0.0642,0.0,0.0642,123,Tier 1 - Prioritas Tinggi,GAP
18,1803,Lampung,Kab Lampung Selatan,148,1060194,251258,695,0.0376,0.0228,5.89,1.4,0.0683,0.0764,0.0631,124,Tier 1 - Prioritas Tinggi,Sudah Tertangani
73,7371,Sulawesi Selatan,Kota Makassar,128,1615528,340733,808,0.0364,0.0191,3.76,0.79,0.0661,0.0487,0.0629,125,Tier 1 - Prioritas Tinggi,Sudah Tertangani
12,1219,Sumatera Utara,Kab Batu Bara,41,438477,109458,688,0.0363,0.0245,3.75,0.94,0.066,0.0486,0.0628,126,Tier 1 - Prioritas Tinggi,Sudah Tertangani
33,3308,Jawa Tengah,Kab Magelang,0,1335305,252241,585,0.0345,0.0174,0.0,0.0,0.0627,0.0,0.0627,127,Tier 1 - Prioritas Tinggi,GAP
11,1106,Aceh,Kab Aceh Tengah,25,225828,53324,463,0.0365,0.0217,4.69,1.11,0.0664,0.0608,0.0624,128,Tier 1 - Prioritas Tinggi,Sudah Tertangani
73,7373,Sulawesi Selatan,Kota Palopo,16,199268,45255,558,0.0355,0.0225,3.54,0.8,0.0645,0.0459,0.0615,129,Tier 1 - Prioritas Tinggi,GAP
11,1101,Aceh,Kab Simeulue,11,100406,24522,498,0.0358,0.0114,4.49,1.1,0.065,0.0582,0.0612,130,Tier 2 - Prioritas Sedang,Sudah Tertangani
61,6103,Kalimantan Barat,Kab Landak,36,397298,96303,651,0.0354,0.0078,3.74,0.91,0.0643,0.0485,0.0612,131,Tier 2 - Prioritas Sedang,Sudah Tertangani
64,6401,Kalimantan Timur,Kab Paser,4,295834,65986,549,0.0338,0.0209,0.61,0.14,0.0614,0.0079,0.0609,132,Tier 2 - Prioritas Sedang,GAP
73,7307,Sulawesi Selatan,Kab Sinjai,27,248948,53301,532,0.0358,0.0312,5.07,1.08,0.065,0.0657,0.0607,133,Tier 2 - Prioritas Sedang,Sudah Tertangani
11,1173,Aceh,Kota Langsa,27,189570,46395,539,0.0361,0.0235,5.82,1.42,0.0656,0.0755,0.0606,134,Tier 2 - Prioritas Sedang,Sudah Tertangani
52,5201,Nusa Tenggara Barat,Kab Lombok Barat,123,774416,179261,637,0.0364,0.0163,6.86,1.59,0.0662,0.089,0.0603,135,Tier 2 - Prioritas Sedang,Sudah Tertangani
32,3216,Jawa Barat,Kab Bekasi,0,4378280,915127,927,0.0331,0.0108,0.0,0.0,0.0601,0.0,0.0601,136,Tier 2 - Prioritas Sedang,GAP
31,3101,DKI Jakarta,Kab ADM Kep Seribu,7,27110,6231,293,0.0383,0.0226,11.23,2.58,0.0695,0.1457,0.0594,137,Tier 2 - Prioritas Sedang,Sudah Tertangani
74,7401,Sulawesi Tenggara,Kab Buton,11,103153,27560,668,0.0344,0.025,3.99,1.07,0.0625,0.0518,0.0593,138,Tier 2 - Prioritas Sedang,Sudah Tertangani
53,5311,Nusa Tenggara Timur,Kab Ende,16,276434,64284,601,0.0335,0.0027,2.49,0.58,0.0609,0.0323,0.059,139,Tier 2 - Prioritas Sedang,GAP
74,7415,Sulawesi Tenggara,Kab Buton Selatan,9,80637,23299,680,0.0339,0.0166,3.86,1.12,0.0615,0.0501,0.0584,140,Tier 2 - Prioritas Sedang,Sudah Tertangani
11,1108,Aceh,Kab Aceh Besar,56,451729,96188,703,0.0342,0.0219,5.82,1.24,0.0622,0.0755,0.0575,141,Tier 2 - Prioritas Sedang,Sudah Tertangani
92,9201,Papua Barat Daya,Kab Raja Ampat,7,51877,12477,537,0.034,0.0194,5.61,1.35,0.0617,0.0728,0.0572,142,Tier 2 - Prioritas Sedang,Sudah Tertangani
13,1310,Sumatera Barat,Kab Solok Selatan,14,190778,45324,541,0.0326,0.0116,3.09,0.73,0.0592,0.0401,0.0568,143,Tier 2 - Prioritas Sedang,GAP
34,3403,DI Yogyakarta,Kab Gunungkidul,73,801686,132771,443,0.0334,0.0021,5.5,0.91,0.0607,0.0713,0.0564,144,Tier 2 - Prioritas Sedang,Sudah Tertangani
11,1102,Aceh,Kab Aceh Singkil,17,131827,35580,605,0.033,0.0205,4.78,1.29,0.0599,0.062,0.0562,145,Tier 2 - Prioritas Sedang,Sudah Tertangani
74,7413,Sulawesi Tenggara,Kab Muna Barat,14,85516,22379,457,0.0335,0.0034,6.26,1.64,0.0609,0.0811,0.056,146,Tier 2 - Prioritas Sedang,Sudah Tertangani
36,3673,Banten,Kota Serang,324,745104,176601,709,0.0397,0.0228,18.35,4.35,0.0721,0.238,0.055,147,Tier 2 - Prioritas Sedang,Sudah Tertangani
64,6472,Kalimantan Timur,Kota Samarinda,59,883789,179783,703,0.0316,0.0174,3.28,0.67,0.0573,0.0426,0.0549,148,Tier 2 - Prioritas Sedang,GAP
73,7302,Sulawesi Selatan,Kab Bulukumba,46,427114,87402,510,0.0322,0.0099,5.26,1.08,0.0584,0.0683,0.0544,149,Tier 2 - Prioritas Sedang,Sudah Tertangani
35,3512,Jawa Timur,Kab Situbondo,46,698686,114935,361,0.0314,0.015,4.0,0.66,0.057,0.0519,0.0541,150,Tier 2 - Prioritas Sedang,Sudah Tertangani
81,8172,Maluku,Kota Tual,4,82182,20926,546,0.0304,0.0188,1.91,0.49,0.0552,0.0248,0.0539,151,Tier 2 - Prioritas Sedang,GAP
33,3320,Jawa Tengah,Kab Jepara,186,1341268,273247,636,0.0324,0.0168,6.81,1.39,0.0589,0.0883,0.0537,152,Tier 2 - Prioritas Sedang,Sudah Tertangani
15,1509,Jambi,Kab Bungo,11,401046,89094,562,0.0297,0.0215,1.23,0.27,0.054,0.016,0.0532,153,Tier 2 - Prioritas Sedang,GAP
31,3175,DKI Jakarta,Kota ADM Jakarta Utara,109,1881326,372859,688,0.0304,0.0058,2.92,0.58,0.0552,0.0379,0.0531,154,Tier 2 - Prioritas Sedang,GAP
73,7372,Sulawesi Selatan,Kota Parepare,21,151700,32325,478,0.0317,0.0145,6.5,1.38,0.0576,0.0843,0.0527,155,Tier 2 - Prioritas Sedang,Sudah Tertangani
18,1808,Lampung,Kab Tulang Bawang,46,479550,105991,549,0.0306,0.0107,4.34,0.96,0.0555,0.0563,0.0524,156,Tier 2 - Prioritas Sedang,Sudah Tertangani
12,1215,Sumatera Utara,Kab Humbang Hasundutan,24,200091,57837,711,0.0304,0.0293,4.15,1.2,0.0553,0.0538,0.0523,157,Tier 2 - Prioritas Sedang,Sudah Tertangani
61,6104,Kalimantan Barat,Kab Mempawah,33,275477,59460,579,0.0308,0.0258,5.55,1.2,0.0559,0.072,0.0519,158,Tier 2 - Prioritas Sedang,Sudah Tertangani
82,8202,Maluku Utara,Kab Halmahera Tengah,1,61206,15594,452,0.0287,0.0158,0.64,0.16,0.0522,0.0083,0.0517,159,Tier 2 - Prioritas Sedang,GAP
72,7205,Sulawesi Tengah,Kab Donggala,22,313187,75350,652,0.0295,0.0165,2.92,0.7,0.0536,0.0379,0.0516,160,Tier 2 - Prioritas Sedang,GAP
71,7102,Sulawesi Utara,Kab Minahasa,27,350713,62900,369,0.03,0.0084,4.29,0.77,0.0546,0.0557,0.0515,161,Tier 2 - Prioritas Sedang,Sudah Tertangani
12,1223,Sumatera Utara,Kab Labuhanbatu Utara,33,380957,97903,591,0.0295,0.0099,3.37,0.87,0.0536,0.0437,0.0513,162,Tier 2 - Prioritas Sedang,GAP
18,1809,Lampung,Kab Pesawaran,62,467256,102093,594,0.0306,0.0081,6.07,1.33,0.0556,0.0788,0.0512,163,Tier 2 - Prioritas Sedang,Sudah Tertangani
17,1705,Bengkulu,Kab Seluma,12,205262,42171,393,0.0292,0.0056,2.85,0.58,0.0531,0.0369,0.0512,164,Tier 2 - Prioritas Sedang,GAP
15,1505,Jambi,Kab Muaro Jambi,20,487652,106876,598,0.0287,0.0106,1.87,0.41,0.0522,0.0243,0.0509,165,Tier 2 - Prioritas Sedang,GAP
15,1506,Jambi,Kab Tanjung Jabung Timur,11,216202,44978,463,0.0289,0.0239,2.45,0.51,0.0525,0.0317,0.0509,166,Tier 2 - Prioritas Sedang,GAP
18,1805,Lampung,Kab Lampung Tengah,169,1332260,280873,678,0.0303,0.0178,6.02,1.27,0.055,0.078,0.0507,167,Tier 2 - Prioritas Sedang,Sudah Tertangani
17,1703,Bengkulu,Kab Bengkulu Utara,30,317608,67886,528,0.0295,0.0102,4.42,0.94,0.0537,0.0573,0.0506,168,Tier 2 - Prioritas Sedang,Sudah Tertangani
82,8201,Maluku Utara,Kab Halmahera Barat,9,122653,29945,480,0.0288,0.0001,3.01,0.73,0.0523,0.039,0.0503,169,Tier 2 - Prioritas Sedang,GAP
16,1674,Sumatera Selatan,Kota Lubuk Linggau,38,251116,60502,588,0.0298,0.0176,6.28,1.51,0.0541,0.0815,0.0497,170,Tier 2 - Prioritas Sedang,Sudah Tertangani
15,1501,Jambi,Kab Kerinci,26,244311,46504,439,0.0293,0.0098,5.59,1.06,0.0532,0.0725,0.0494,171,Tier 2 - Prioritas Sedang,Sudah Tertangani
15,1504,Jambi,Kab Batanghari,13,275902,62258,529,0.0274,0.0075,2.09,0.47,0.0498,0.0271,0.0484,172,Tier 2 - Prioritas Sedang,GAP
11,1110,Aceh,Kab Bireuen,59,501036,114949,655,0.0284,0.0249,5.13,1.18,0.0517,0.0666,0.0482,173,Tier 2 - Prioritas Sedang,Sudah Tertangani
32,3277,Jawa Barat,Kota Cimahi,67,617488,119911,521,0.0285,0.0065,5.59,1.09,0.0518,0.0725,0.0481,174,Tier 2 - Prioritas Sedang,Sudah Tertangani
65,6503,Kalimantan Utara,Kab Tana Tidung,1,34843,8359,401,0.0267,0.0169,1.2,0.29,0.0484,0.0155,0.0477,175,Tier 2 - Prioritas Sedang,GAP
53,5304,Nusa Tenggara Timur,Kab Timor Tengah Selatan,12,476451,122091,837,0.0265,0.0093,0.98,0.25,0.0481,0.0127,0.0475,176,Tier 2 - Prioritas Sedang,GAP
17,1709,Bengkulu,Kab Bengkulu Tengah,8,119121,26489,464,0.0269,0.0121,3.02,0.67,0.0489,0.0392,0.047,177,Tier 2 - Prioritas Sedang,GAP
12,1208,Sumatera Utara,Kab Asahan,82,759851,175723,624,0.0272,0.0107,4.67,1.08,0.0494,0.0605,0.0464,178,Tier 2 - Prioritas Sedang,Sudah Tertangani
96,9608,Papua Tengah,Kab Puncak Jaya,0,137761,29481,363,0.0251,0.0097,0.0,0.0,0.0456,0.0,0.0456,179,Tier 2 - Prioritas Sedang,GAP
16,1607,Sumatera Selatan,Kab Banyuasin,79,915247,210280,677,0.026,0.0071,3.76,0.86,0.0473,0.0487,0.045,180,Tier 2 - Prioritas Sedang,Sudah Tertangani
19,1905,Kepulauan Bangka Belitung,Kab Bangka Selatan,9,219070,49300,501,0.0251,0.0083,1.83,0.41,0.0457,0.0237,0.0446,181,Tier 2 - Prioritas Sedang,GAP
75,7501,Gorontalo,Kab Boalemo,6,179664,39618,490,0.025,0.0036,1.51,0.33,0.0454,0.0196,0.0445,182,Tier 2 - Prioritas Sedang,GAP
18,1806,Lampung,Kab Lampung Utara,76,627167,141500,618,0.0263,0.0082,5.37,1.21,0.0478,0.0697,0.0445,183,Tier 2 - Prioritas Sedang,Sudah Tertangani
76,7603,Sulawesi Barat,Kab Mamasa,16,167449,41194,453,0.0257,0.0062,3.88,0.96,0.0467,0.0504,0.0444,184,Tier 2 - Prioritas Sedang,Sudah Tertangani
71,7109,Sulawesi Utara,Kab Minahasa Tenggara,7,107582,23284,387,0.0251,0.0216,3.01,0.65,0.0456,0.039,0.0438,185,Tier 2 - Prioritas Sedang,GAP
15,1571,Jambi,Kota Jambi,47,613540,125338,625,0.0253,0.0111,3.75,0.77,0.0461,0.0486,0.0438,186,Tier 2 - Prioritas Sedang,Sudah Tertangani
82,8203,Maluku Utara,Kab Kepulauan Sula,10,105284,26822,533,0.0252,0.008,3.73,0.95,0.0458,0.0484,0.0435,187,Tier 2 - Prioritas Sedang,GAP
18,1807,Lampung,Kab Way Kanan,53,471870,105556,582,0.0255,0.0065,5.02,1.12,0.0464,0.0651,0.0433,188,Tier 2 - Prioritas Sedang,Sudah Tertangani
13,1303,Sumatera Barat,Kab Solok,0,387249,93921,614,0.0237,0.0192,0.0,0.0,0.043,0.0,0.043,189,Tier 2 - Prioritas Sedang,GAP
12,1207,Sumatera Utara,Kab Labuhanbatu,39,549549,140614,701,0.0244,0.0165,2.77,0.71,0.0443,0.036,0.0427,190,Tier 2 - Prioritas Sedang,GAP
65,6571,Kalimantan Utara,Kota Tarakan,24,278782,59880,659,0.0246,0.0067,4.01,0.86,0.0447,0.052,0.0423,191,Tier 2 - Prioritas Sedang,Sudah Tertangani
62,6271,Kalimantan Tengah,Kota Palangkaraya,29,308271,64847,498,0.0246,0.0145,4.47,0.94,0.0447,0.058,0.0421,192,Tier 2 - Prioritas Sedang,Sudah Tertangani
16,1609,Sumatera Selatan,Kab Ogan Komering Ulu Timur,57,710126,155990,625,0.0242,0.0015,3.65,0.8,0.044,0.0474,0.0419,193,Tier 2 - Prioritas Sedang,GAP
62,6203,Kalimantan Tengah,Kab Kapuas,12,373058,83605,559,0.0232,0.0059,1.44,0.32,0.0422,0.0186,0.0414,194,Tier 2 - Prioritas Sedang,GAP
61,6171,Kalimantan Barat,Kota Pontianak,84,687336,141625,638,0.0246,0.0146,5.93,1.22,0.0447,0.0769,0.0413,195,Tier 2 - Prioritas Sedang,Sudah Tertangani
81,8104,Maluku,Kab Buru,8,158497,38875,610,0.0232,0.0171,2.06,0.5,0.0421,0.0267,0.041,196,Tier 2 - Prioritas Sedang,GAP
33,3376,Jawa Tengah,Kota Tegal,205,251093,49465,444,0.0486,0.0238,41.44,8.16,0.0882,0.5376,0.0408,197,Tier 2 - Prioritas Sedang,Sudah Tertangani
35,3519,Jawa Timur,Kab Madiun,0,688377,110503,440,0.0224,0.0219,0.0,0.0,0.0407,0.0,0.0407,198,Tier 2 - Prioritas Sedang,GAP
32,3273,Jawa Barat,Kota Bandung,782,2620160,486066,686,0.0282,0.0133,16.09,2.98,0.0513,0.2087,0.0406,199,Tier 2 - Prioritas Sedang,Sudah Tertangani
13,1375,Sumatera Barat,Kota Bukittinggi,15,144681,32389,463,0.0238,0.0049,4.63,1.04,0.0432,0.0601,0.0406,200,Tier 2 - Prioritas Sedang,Sudah Tertangani
82,8272,Maluku Utara,Kota Tidore Kepulauan,9,102904,24070,473,0.0234,0.0055,3.74,0.87,0.0425,0.0485,0.0404,201,Tier 2 - Prioritas Sedang,Sudah Tertangani
32,3276,Jawa Barat,Kota Depok,201,2742122,521248,714,0.0234,0.0088,3.86,0.73,0.0424,0.05,0.0403,202,Tier 2 - Prioritas Sedang,Sudah Tertangani
76,7606,Sulawesi Barat,Kab Mamuju Tengah,19,147043,33936,540,0.0238,0.0188,5.6,1.29,0.0433,0.0726,0.0401,203,Tier 2 - Prioritas Sedang,Sudah Tertangani
33,3374,Jawa Tengah,Kota Semarang,308,1955754,365148,662,0.0247,0.0111,8.43,1.57,0.0448,0.1094,0.0399,204,Tier 2 - Prioritas Sedang,Sudah Tertangani
12,1276,Sumatera Utara,Kota Binjai,41,294421,64680,566,0.0238,0.0092,6.34,1.39,0.0433,0.0822,0.0397,205,Tier 2 - Prioritas Sedang,Sudah Tertangani
16,1672,Sumatera Selatan,Kota Prabumulih,13,203882,43840,535,0.0227,0.0106,2.97,0.64,0.0412,0.0385,0.0396,206,Tier 2 - Prioritas Sedang,GAP
61,6101,Kalimantan Barat,Kab Sambas,59,550913,114937,639,0.0233,0.0121,5.13,1.07,0.0422,0.0666,0.0394,207,Tier 2 - Prioritas Sedang,Sudah Tertangani
13,1304,Sumatera Barat,Kab Sijunjung,23,263300,61455,579,0.0226,0.003,3.74,0.87,0.0411,0.0485,0.0391,208,Tier 2 - Prioritas Sedang,Sudah Tertangani
33,3303,Jawa Tengah,Kab Purbalingga,114,970304,198618,681,0.0232,0.009,5.74,1.17,0.0422,0.0745,0.0391,209,Tier 2 - Prioritas Sedang,Sudah Tertangani
34,3471,DI Yogyakarta,Kota Yogyakarta,47,465035,77766,364,0.0233,0.0112,6.04,1.01,0.0423,0.0784,0.039,210,Tier 2 - Prioritas Sedang,Sudah Tertangani
18,1811,Lampung,Kab Mesuji,35,205092,43480,466,0.0239,0.0145,8.05,1.71,0.0435,0.1044,0.0389,211,Tier 2 - Prioritas Sedang,Sudah Tertangani
13,1305,Sumatera Barat,Kab Tanah Datar,31,350580,78598,509,0.0225,0.0118,3.94,0.88,0.0409,0.0512,0.0388,212,Tier 2 - Prioritas Sedang,Sudah Tertangani
94,9419,Papua,Kab Sarmi,3,42247,11041,487,0.022,0.0198,2.72,0.71,0.04,0.0352,0.0386,213,Tier 2 - Prioritas Sedang,GAP
61,6106,Kalimantan Barat,Kab Ketapang,55,555104,126094,552,0.0224,0.0014,4.36,0.99,0.0408,0.0566,0.0385,214,Tier 2 - Prioritas Sedang,Sudah Tertangani
33,3321,Jawa Tengah,Kab Demak,161,1209531,254544,605,0.023,0.0098,6.33,1.33,0.0418,0.082,0.0383,215,Tier 2 - Prioritas Sedang,Sudah Tertangani
62,6204,Kalimantan Tengah,Kab Barito Selatan,5,143471,32071,418,0.0215,0.006,1.56,0.35,0.0391,0.0202,0.0383,216,Tier 2 - Prioritas Sedang,GAP
12,1206,Sumatera Utara,Kab Toba,24,186730,49749,616,0.0224,0.0145,4.82,1.29,0.0406,0.0626,0.0381,217,Tier 2 - Prioritas Sedang,Sudah Tertangani
82,8271,Maluku Utara,Kota Ternate,23,254586,53470,515,0.0221,0.0014,4.3,0.9,0.0402,0.0558,0.038,218,Tier 2 - Prioritas Sedang,Sudah Tertangani
14,1410,Riau,Kab Kepulauan Meranti,23,192184,46632,525,0.0223,0.0125,4.93,1.2,0.0405,0.064,0.0379,219,Tier 2 - Prioritas Sedang,Sudah Tertangani
35,3514,Jawa Timur,Kab Pasuruan,0,1686263,323453,595,0.0207,0.0137,0.0,0.0,0.0377,0.0,0.0377,220,Tier 2 - Prioritas Sedang,GAP
63,6371,Kalimantan Selatan,Kota Banjarmasin,61,733046,155748,549,0.0218,0.0042,3.92,0.83,0.0396,0.0508,0.0376,221,Tier 2 - Prioritas Sedang,Sudah Tertangani
13,1376,Sumatera Barat,Kota Payakumbuh,24,148921,33287,541,0.0228,0.0062,7.21,1.61,0.0414,0.0935,0.0376,222,Tier 2 - Prioritas Sedang,Sudah Tertangani
74,7409,Sulawesi Tenggara,Kab Buton Utara,5,65694,17865,508,0.0214,0.0189,2.8,0.76,0.0389,0.0363,0.0375,223,Tier 2 - Prioritas Sedang,GAP
11,1104,Aceh,Kab Aceh Tenggara,48,230210,63673,541,0.0228,0.0161,7.54,2.09,0.0414,0.0978,0.0373,224,Tier 2 - Prioritas Sedang,Sudah Tertangani
36,3604,Banten,Kab Serang,0,1530292,352942,792,0.0205,0.0148,0.0,0.0,0.0372,0.0,0.0372,225,Tier 2 - Prioritas Sedang,GAP
33,3310,Jawa Tengah,Kab Klaten,153,1178794,200154,577,0.0224,0.0108,7.64,1.3,0.0407,0.0992,0.0367,226,Tier 2 - Prioritas Sedang,Sudah Tertangani
33,3326,Jawa Tengah,Kab Pekalongan,0,916875,193606,637,0.02,0.0043,0.0,0.0,0.0363,0.0,0.0363,227,Tier 2 - Prioritas Sedang,GAP
16,1671,Sumatera Selatan,Kota Palembang,212,1795427,387678,800,0.0212,0.0142,5.47,1.18,0.0385,0.0709,0.0358,228,Tier 2 - Prioritas Sedang,Sudah Tertangani
74,7414,Sulawesi Tenggara,Kab Buton Tengah,16,94071,26558,646,0.0213,0.0016,6.02,1.7,0.0387,0.0781,0.0356,229,Tier 2 - Prioritas Sedang,Sudah Tertangani
35,3517,Jawa Timur,Kab Jombang,159,1289530,246658,626,0.0213,0.0134,6.45,1.23,0.0387,0.0836,0.0355,230,Tier 2 - Prioritas Sedang,Sudah Tertangani
81,8108,Maluku,Kab Maluku Barat Daya,3,73870,19241,642,0.0199,0.013,1.56,0.41,0.0361,0.0202,0.0354,231,Tier 2 - Prioritas Sedang,GAP
73,7306,Sulawesi Selatan,Kab Gowa,81,813567,175004,748,0.0207,0.015,4.63,1.0,0.0376,0.06,0.0353,232,Tier 2 - Prioritas Sedang,Sudah Tertangani
52,5271,Nusa Tenggara Barat,Kota Mataram,64,556960,119652,534,0.0209,0.0035,5.35,1.15,0.0379,0.0694,0.0353,233,Tier 2 - Prioritas Sedang,Sudah Tertangani
32,3212,Jawa Barat,Kab Indramayu,196,1785748,351191,597,0.0209,0.0097,5.58,1.1,0.038,0.0724,0.0352,234,Tier 2 - Prioritas Sedang,Sudah Tertangani
11,1117,Aceh,Kab Bener Meriah,16,157923,35762,454,0.0205,0.0024,4.47,1.01,0.0372,0.058,0.0351,235,Tier 2 - Prioritas Sedang,Sudah Tertangani
35,3578,Jawa Timur,Kota Surabaya,123,2949653,519892,691,0.0198,0.003,2.37,0.42,0.036,0.0307,0.0349,236,Tier 2 - Prioritas Sedang,GAP
14,1471,Riau,Kota Pekanbaru,135,1229383,269484,706,0.0205,0.0125,5.01,1.1,0.0372,0.065,0.0348,237,Tier 2 - Prioritas Sedang,Sudah Tertangani
11,1112,Aceh,Kab Aceh Barat Daya,17,161405,36569,534,0.0203,0.0143,4.65,1.05,0.037,0.0603,0.0347,238,Tier 2 - Prioritas Sedang,Sudah Tertangani
33,3302,Jawa Tengah,Kab Banyumas,219,1748452,338019,673,0.0208,0.0033,6.48,1.25,0.0378,0.084,0.0346,239,Tier 2 - Prioritas Sedang,Sudah Tertangani
34,3404,DI Yogyakarta,Kab Sleman,138,1329969,235232,574,0.0206,0.0067,5.87,1.04,0.0375,0.0761,0.0346,240,Tier 2 - Prioritas Sedang,Sudah Tertangani
74,7471,Sulawesi Tenggara,Kota Kendari,40,439499,100131,650,0.0198,0.0018,3.99,0.91,0.036,0.0518,0.0341,241,Tier 2 - Prioritas Sedang,Sudah Tertangani
52,5208,Nusa Tenggara Barat,Kab Lombok Utara,38,237571,53677,481,0.0207,0.009,7.08,1.6,0.0375,0.0918,0.0341,242,Tier 2 - Prioritas Sedang,Sudah Tertangani
62,6206,Kalimantan Tengah,Kab Sukamara,1,71539,15487,374,0.0189,0.0051,0.65,0.14,0.0343,0.0084,0.034,243,Tier 2 - Prioritas Sedang,Low Priority
31,3172,DKI Jakarta,Kota ADM Jakarta Timur,245,2981876,597357,708,0.0198,0.0047,4.1,0.82,0.0359,0.0532,0.034,244,Tier 2 - Prioritas Sedang,Sudah Tertangani
97,9702,Papua Pegunungan,Kab Jayawijaya,5,211917,53689,424,0.0188,0.0,0.93,0.24,0.0342,0.0121,0.0338,245,Tier 2 - Prioritas Sedang,Low Priority
12,1210,Sumatera Utara,Kab Dairi,36,287487,76198,625,0.0198,0.0005,4.72,1.25,0.0359,0.0613,0.0337,246,Tier 2 - Prioritas Sedang,Sudah Tertangani
14,1473,Riau,Kota Dumai,34,322249,77975,617,0.0196,0.0074,4.36,1.06,0.0357,0.0566,0.0336,247,Tier 2 - Prioritas Sedang,Sudah Tertangani
32,3214,Jawa Barat,Kab Purwakarta,160,972428,208152,680,0.0205,0.0058,7.69,1.65,0.0373,0.0997,0.0336,248,Tier 2 - Prioritas Sedang,Sudah Tertangani
12,1202,Sumatera Utara,Kab Mandailing Natal,32,469541,129695,738,0.019,0.0151,2.47,0.68,0.0346,0.032,0.0335,249,Tier 2 - Prioritas Sedang,GAP
61,6110,Kalimantan Barat,Kab Melawi,20,222311,48359,500,0.0193,0.0049,4.14,0.9,0.0351,0.0536,0.0333,250,Tier 2 - Prioritas Sedang,Sudah Tertangani
53,5315,Nusa Tenggara Timur,Kab Manggarai Barat,11,308035,82363,602,0.0186,0.0113,1.34,0.36,0.0338,0.0173,0.0332,251,Tier 2 - Prioritas Sedang,Low Priority
82,8208,Maluku Utara,Kab Pulau Taliabu,7,56037,14396,474,0.0193,0.0005,4.86,1.25,0.0351,0.0631,0.0329,252,Tier 2 - Prioritas Sedang,Sudah Tertangani
62,6209,Kalimantan Tengah,Kab Katingan,6,184048,41907,503,0.0182,0.006,1.43,0.33,0.0331,0.0186,0.0325,253,Tier 2 - Prioritas Sedang,Low Priority
32,3205,Jawa Barat,Kab Garut,465,2690130,632269,910,0.0197,0.0083,7.35,1.73,0.0358,0.0954,0.0324,254,Tier 2 - Prioritas Sedang,Sudah Tertangani
33,3372,Jawa Tengah,Kota Surakarta,75,521450,92669,468,0.0199,0.0069,8.09,1.44,0.0362,0.105,0.0324,255,Tier 2 - Prioritas Sedang,Sudah Tertangani
14,1408,Riau,Kab Bengkalis,86,577027,141620,686,0.0192,0.0087,6.07,1.49,0.0349,0.0788,0.0321,256,Tier 2 - Prioritas Sedang,Sudah Tertangani
72,7201,Sulawesi Tengah,Kab Banggai Kepulauan,12,121086,26362,417,0.0187,0.0073,4.55,0.99,0.0339,0.059,0.0319,257,Tier 2 - Prioritas Sedang,Over-served
35,3521,Jawa Timur,Kab Ngawi,79,843865,139118,442,0.0189,0.0018,5.68,0.94,0.0343,0.0737,0.0317,258,Tier 3 - Cukup Tertangani,Over-served
35,3503,Jawa Timur,Kab Trenggalek,72,702962,116833,446,0.0188,0.0156,6.16,1.02,0.0342,0.0799,0.0315,259,Tier 3 - Cukup Tertangani,Over-served
32,3211,Jawa Barat,Kab Sumedang,150,1200765,221081,600,0.0189,0.0058,6.78,1.25,0.0344,0.088,0.0314,260,Tier 3 - Cukup Tertangani,Over-served
16,1602,Sumatera Selatan,Kab Ogan Komering Ilir,87,889293,197815,642,0.0183,0.0129,4.4,0.98,0.0332,0.057,0.0313,261,Tier 3 - Cukup Tertangani,Over-served
15,1503,Jambi,Kab Sarolangun,15,321336,75163,533,0.0173,0.0067,2.0,0.47,0.0315,0.0259,0.0307,262,Tier 3 - Cukup Tertangani,Low Priority
17,1702,Bengkulu,Kab Rejang Lebong,9,283302,58536,477,0.0172,0.0011,1.54,0.32,0.0313,0.0199,0.0307,263,Tier 3 - Cukup Tertangani,Low Priority
72,7212,Sulawesi Tengah,Kab Morowali Utara,2,142437,32040,471,0.0169,0.002,0.62,0.14,0.0307,0.0081,0.0304,264,Tier 3 - Cukup Tertangani,Low Priority
18,1802,Lampung,Kab Tanggamus,69,629211,135944,638,0.0177,0.0039,5.08,1.1,0.0321,0.0658,0.03,265,Tier 3 - Cukup Tertangani,Over-served
63,6310,Kalimantan Selatan,Kab Tanah Bumbu,27,441684,100016,577,0.0171,0.0054,2.7,0.61,0.031,0.035,0.03,266,Tier 3 - Cukup Tertangani,Low Priority
14,1404,Riau,Kab Pelalawan,34,601099,144998,651,0.0169,0.0078,2.34,0.57,0.0308,0.0304,0.0299,267,Tier 3 - Cukup Tertangani,Low Priority
52,5203,Nusa Tenggara Barat,Kab Lombok Timur,257,1284953,300743,712,0.0184,0.0088,8.55,2.0,0.0335,0.1108,0.0298,268,Tier 3 - Cukup Tertangani,Over-served
76,7601,Sulawesi Barat,Kab Majene,28,180326,43196,657,0.0179,0.0086,6.48,1.55,0.0325,0.0841,0.0298,269,Tier 3 - Cukup Tertangani,Over-served
33,3324,Jawa Tengah,Kab Kendal,127,996512,196262,516,0.0179,0.0118,6.47,1.27,0.0325,0.0839,0.0297,270,Tier 3 - Cukup Tertangani,Over-served
21,2171,Kepulauan Riau,Kota Batam,139,1785566,364515,865,0.0172,0.003,3.81,0.78,0.0312,0.0495,0.0297,271,Tier 3 - Cukup Tertangani,Over-served
32,3202,Jawa Barat,Kab Sukabumi,0,2570146,577095,833,0.0163,0.0053,0.0,0.0,0.0297,0.0,0.0297,272,Tier 3 - Cukup Tertangani,Low Priority
65,6504,Kalimantan Utara,Kab Nunukan,15,224298,53340,606,0.0169,0.0059,2.81,0.67,0.0307,0.0365,0.0296,273,Tier 3 - Cukup Tertangani,Low Priority
13,1374,Sumatera Barat,Kota Padang Panjang,7,58299,15180,377,0.0172,0.0047,4.61,1.2,0.0313,0.0598,0.0294,274,Tier 3 - Cukup Tertangani,Over-served
33,3318,Jawa Tengah,Kab Pati,173,1276816,235957,536,0.0178,0.0127,7.33,1.35,0.0324,0.0951,0.0293,275,Tier 3 - Cukup Tertangani,Over-served
33,3315,Jawa Tengah,Kab Grobogan,171,1393423,269576,576,0.0169,0.0092,6.34,1.23,0.0308,0.0823,0.0282,276,Tier 3 - Cukup Tertangani,Over-served
33,3322,Jawa Tengah,Kab Semarang,0,1115129,202872,619,0.0152,0.0024,0.0,0.0,0.0277,0.0,0.0277,277,Tier 3 - Cukup Tertangani,Low Priority
11,1105,Aceh,Kab Aceh Timur,55,464499,122347,719,0.0161,0.011,4.5,1.18,0.0293,0.0583,0.0276,278,Tier 3 - Cukup Tertangani,Over-served
71,7105,Sulawesi Utara,Kab Minahasa Selatan,12,213900,42249,386,0.0157,0.0025,2.84,0.56,0.0284,0.0368,0.0274,279,Tier 3 - Cukup Tertangani,Low Priority
73,7309,Sulawesi Selatan,Kab Pangkajene Dan Kepulauan,31,348058,77120,640,0.0159,0.0064,4.02,0.89,0.0289,0.0521,0.0274,280,Tier 3 - Cukup Tertangani,Over-served
35,3575,Jawa Timur,Kota Pasuruan,135,207684,42077,436,0.0257,0.0076,32.08,6.5,0.0466,0.4162,0.0272,281,Tier 3 - Cukup Tertangani,Sudah Tertangani
51,5108,Bali,Kab Buleleng,38,680900,139441,646,0.0155,0.0051,2.73,0.56,0.0281,0.0353,0.0271,282,Tier 3 - Cukup Tertangani,Low Priority
16,1606,Sumatera Selatan,Kab Musi Banyuasin,41,698176,160178,633,0.0154,0.0009,2.56,0.59,0.028,0.0332,0.027,283,Tier 3 - Cukup Tertangani,Low Priority
62,6210,Kalimantan Tengah,Kab Pulang Pisau,4,130060,27903,500,0.0151,0.0074,1.43,0.31,0.0275,0.0186,0.027,284,Tier 3 - Cukup Tertangani,Low Priority
33,3311,Jawa Tengah,Kab Sukoharjo,110,917033,170001,575,0.016,0.0158,6.47,1.2,0.0291,0.0839,0.0266,285,Tier 3 - Cukup Tertangani,Over-served
12,1272,Sumatera Utara,Kota Tanjung Balai,20,187589,46858,566,0.0154,0.0,4.27,1.07,0.0281,0.0554,0.0265,286,Tier 3 - Cukup Tertangani,Over-served
16,1611,Sumatera Selatan,Kab Empat Lawang,24,265971,60855,512,0.0153,0.0022,3.94,0.9,0.0278,0.0512,0.0263,287,Tier 3 - Cukup Tertangani,Over-served
33,3314,Jawa Tengah,Kab Sragen,125,892180,154409,544,0.0161,0.0015,8.1,1.4,0.0292,0.105,0.0261,288,Tier 3 - Cukup Tertangani,Over-served
12,1277,Sumatera Utara,Kota Padang Sidempuan,18,241800,61962,632,0.0149,0.0,2.91,0.74,0.0272,0.0377,0.0261,289,Tier 3 - Cukup Tertangani,Low Priority
71,7174,Sulawesi Utara,Kota Kotamobagu,7,139534,29092,399,0.0148,0.0057,2.41,0.5,0.027,0.0312,0.0261,290,Tier 3 - Cukup Tertangani,Low Priority
32,3208,Jawa Barat,Kab Kuningan,173,1114201,219994,634,0.0159,0.0041,7.86,1.55,0.029,0.102,0.026,291,Tier 3 - Cukup Tertangani,Over-served
11,1114,Aceh,Kab Aceh Tamiang,33,313210,74039,554,0.0151,0.0081,4.46,1.05,0.0274,0.0578,0.0258,292,Tier 3 - Cukup Tertangani,Over-served
75,7571,Gorontalo,Kota Gorontalo,56,228413,45413,480,0.0168,0.0004,12.33,2.45,0.0305,0.16,0.0257,293,Tier 3 - Cukup Tertangani,Over-served
52,5202,Nusa Tenggara Barat,Kab Lombok Tengah,177,1022781,224301,668,0.0157,0.0065,7.89,1.73,0.0285,0.1024,0.0255,294,Tier 3 - Cukup Tertangani,Over-served
12,1275,Sumatera Utara,Kota Medan,208,2365817,488882,752,0.0148,0.0089,4.25,0.88,0.0268,0.0552,0.0253,295,Tier 3 - Cukup Tertangani,Over-served
73,7304,Sulawesi Selatan,Kab Jeneponto,54,372595,83402,624,0.0151,0.0127,6.47,1.45,0.0275,0.084,0.0252,296,Tier 3 - Cukup Tertangani,Over-served
16,1608,Sumatera Selatan,Kab Ogan Komering Ulu Selatan,24,387076,85417,586,0.0143,0.0079,2.81,0.62,0.0261,0.0364,0.0251,297,Tier 3 - Cukup Tertangani,Low Priority
32,3207,Jawa Barat,Kab Ciamis,182,1233972,223968,537,0.0154,0.0045,8.13,1.47,0.028,0.1054,0.0251,298,Tier 3 - Cukup Tertangani,Over-served
35,3528,Jawa Timur,Kab Pamekasan,129,927956,186011,538,0.0151,0.0074,6.94,1.39,0.0274,0.09,0.0249,299,Tier 3 - Cukup Tertangani,Over-served
64,6411,Kalimantan Timur,Kab Mahakam Ulu,0,27013,6103,366,0.0137,0.0102,0.0,0.0,0.0249,0.0,0.0249,300,Tier 3 - Cukup Tertangani,Low Priority
32,3210,Jawa Barat,Kab Majalengka,159,1248176,226008,566,0.015,0.0027,7.04,1.27,0.0272,0.0913,0.0247,301,Tier 3 - Cukup Tertangani,Over-served
31,3174,DKI Jakarta,Kota ADM Jakarta Barat,67,2721700,531102,724,0.0138,0.0043,1.26,0.25,0.0251,0.0164,0.0247,302,Tier 3 - Cukup Tertangani,Low Priority
33,3319,Jawa Tengah,Kab Kudus,119,915876,181459,565,0.0147,0.0014,6.56,1.3,0.0268,0.0851,0.0245,303,Tier 3 - Cukup Tertangani,Over-served
63,6372,Kalimantan Selatan,Kota Banjarbaru,31,298093,66838,478,0.0143,0.0032,4.64,1.04,0.026,0.0602,0.0245,304,Tier 3 - Cukup Tertangani,Over-served
73,7301,Sulawesi Selatan,Kab Kepulauan Selayar,12,139210,26428,446,0.0143,0.0103,4.54,0.86,0.0259,0.0589,0.0244,305,Tier 3 - Cukup Tertangani,Over-served
73,7308,Sulawesi Selatan,Kab Maros,42,367075,79562,650,0.0144,0.0033,5.28,1.14,0.0261,0.0685,0.0243,306,Tier 3 - Cukup Tertangani,Over-served
75,7503,Gorontalo,Kab Pohuwato,8,171290,37740,541,0.0137,0.0084,2.12,0.47,0.0249,0.0275,0.0242,307,Tier 3 - Cukup Tertangani,Low Priority
12,1273,Sumatera Utara,Kota Pematangsiantar,40,264841,61643,511,0.0144,0.0081,6.49,1.51,0.0262,0.0842,0.024,308,Tier 3 - Cukup Tertangani,Over-served
35,3525,Jawa Timur,Kab Gresik,151,1392165,260878,599,0.0141,0.0081,5.79,1.08,0.0256,0.0751,0.0237,309,Tier 3 - Cukup Tertangani,Over-served
19,1971,Kepulauan Bangka Belitung,Kota Pangkal Pinang,19,222058,42689,472,0.0138,0.0111,4.45,0.86,0.0251,0.0577,0.0236,310,Tier 3 - Cukup Tertangani,Over-served
35,3516,Jawa Timur,Kab Mojokerto,0,1167817,214398,534,0.0129,0.0026,0.0,0.0,0.0235,0.0,0.0235,311,Tier 3 - Cukup Tertangani,Low Priority
32,3274,Jawa Barat,Kota Cirebon,315,324606,65399,483,0.0343,0.0111,48.17,9.7,0.0623,0.6248,0.0234,312,Tier 3 - Cukup Tertangani,Sudah Tertangani
73,7317,Sulawesi Selatan,Kab Luwu,20,380595,93676,681,0.0132,0.0041,2.14,0.53,0.0239,0.0277,0.0233,313,Tier 3 - Cukup Tertangani,Low Priority
61,6172,Kalimantan Barat,Kota Singkawang,30,241975,55085,597,0.0137,0.0092,5.45,1.24,0.0248,0.0706,0.0231,314,Tier 3 - Cukup Tertangani,Over-served
11,1118,Aceh,Kab Pidie Jaya,19,171362,38901,427,0.0135,0.0124,4.88,1.11,0.0246,0.0634,0.023,315,Tier 3 - Cukup Tertangani,Over-served
91,9111,Papua Barat,Kab Manokwari Selatan,4,29209,7696,475,0.0135,0.0059,5.2,1.37,0.0245,0.0674,0.0228,316,Tier 3 - Cukup Tertangani,Over-served
36,3672,Banten,Kota Cilegon,50,466849,98576,614,0.0133,0.0003,5.07,1.07,0.0242,0.0658,0.0226,317,Tier 3 - Cukup Tertangani,Over-served
73,7326,Sulawesi Selatan,Kab Toraja Utara,19,243528,63768,709,0.0129,0.0077,2.98,0.78,0.0235,0.0386,0.0225,318,Tier 3 - Cukup Tertangani,Low Priority
12,1209,Sumatera Utara,Kab Simalungun,66,883981,206200,697,0.0129,0.0,3.2,0.75,0.0235,0.0415,0.0225,319,Tier 3 - Cukup Tertangani,Low Priority
74,7410,Sulawesi Tenggara,Kab Konawe Utara,6,68899,17524,522,0.0129,0.0082,3.42,0.87,0.0235,0.0444,0.0224,320,Tier 3 - Cukup Tertangani,Low Priority
33,3305,Jawa Tengah,Kab Kebumen,179,1196536,249730,613,0.0135,0.004,7.17,1.5,0.0246,0.093,0.0223,321,Tier 3 - Cukup Tertangani,Over-served
62,6202,Kalimantan Tengah,Kab Kotawaringin Timur,7,475470,102864,547,0.0124,0.0109,0.68,0.15,0.0225,0.0088,0.0223,322,Tier 3 - Cukup Tertangani,Low Priority
33,3313,Jawa Tengah,Kab Karanganyar,103,916299,167706,563,0.0133,0.0045,6.14,1.12,0.0242,0.0797,0.0222,323,Tier 3 - Cukup Tertangani,Over-served
51,5106,Bali,Kab Bangli,12,233729,42320,469,0.0126,0.0007,2.84,0.51,0.0228,0.0368,0.022,324,Tier 3 - Cukup Tertangani,Low Priority
33,3317,Jawa Tengah,Kab Rembang,82,655525,120602,496,0.0132,0.0103,6.8,1.25,0.024,0.0882,0.0219,325,Tier 3 - Cukup Tertangani,Over-served
64,6404,Kalimantan Timur,Kab Kutai Timur,18,432849,94231,609,0.0123,0.0026,1.91,0.42,0.0223,0.0248,0.0218,326,Tier 3 - Cukup Tertangani,Low Priority
32,3203,Jawa Barat,Kab Cianjur,353,2369524,525689,773,0.0129,0.007,6.72,1.49,0.0234,0.0871,0.0214,327,Tier 3 - Cukup Tertangani,Over-served
18,1804,Lampung,Kab Lampung Timur,150,1087680,224205,577,0.0128,0.0106,6.69,1.38,0.0232,0.0868,0.0212,328,Tier 3 - Cukup Tertangani,Over-served
12,1274,Sumatera Utara,Kota Tebing Tinggi,25,175650,38406,502,0.0127,0.0017,6.51,1.42,0.0231,0.0844,0.0212,329,Tier 3 - Cukup Tertangani,Over-served
11,1109,Aceh,Kab Pidie,54,471888,105337,549,0.0125,0.0024,5.13,1.14,0.0227,0.0665,0.0212,330,Tier 3 - Cukup Tertangani,Over-served
61,6105,Kalimantan Barat,Kab Sanggau,28,497321,102394,533,0.012,0.0051,2.73,0.56,0.0219,0.0355,0.0211,331,Tier 3 - Cukup Tertangani,Low Priority
12,1213,Sumatera Utara,Kab Langkat,82,1071598,254660,770,0.0119,0.0051,3.22,0.77,0.0216,0.0418,0.0207,332,Tier 3 - Cukup Tertangani,Low Priority
62,6208,Kalimantan Tengah,Kab Seruyan,5,232653,50701,467,0.0115,0.0017,0.99,0.21,0.021,0.0128,0.0207,333,Tier 3 - Cukup Tertangani,Low Priority
74,7402,Sulawesi Tenggara,Kab Muna,29,232360,63722,622,0.0121,0.0097,4.55,1.25,0.022,0.059,0.0207,334,Tier 3 - Cukup Tertangani,Over-served
14,1407,Riau,Kab Rokan Hulu,52,810683,200323,650,0.0118,0.0098,2.6,0.64,0.0214,0.0337,0.0206,335,Tier 3 - Cukup Tertangani,Low Priority
73,7311,Sulawesi Selatan,Kab Bone,46,763389,149663,659,0.0117,0.0047,3.07,0.6,0.0213,0.0399,0.0205,336,Tier 3 - Cukup Tertangani,Low Priority
94,9426,Papua,Kab Waropen,2,35127,9039,589,0.0114,0.0,2.21,0.57,0.0208,0.0287,0.0202,337,Tier 3 - Cukup Tertangani,Low Priority
35,3526,Jawa Timur,Kab Bangkalan,131,1029774,227855,597,0.0119,0.0017,5.75,1.27,0.0217,0.0746,0.02,338,Tier 3 - Cukup Tertangani,Over-served
35,3573,Jawa Timur,Kota Malang,318,894445,155403,505,0.0149,0.0073,20.46,3.56,0.0271,0.2654,0.0199,339,Tier 3 - Cukup Tertangani,Over-served
33,3316,Jawa Tengah,Kab Blora,97,869424,154629,430,0.0119,0.0029,6.27,1.12,0.0216,0.0814,0.0198,340,Tier 3 - Cukup Tertangani,Over-served
61,6112,Kalimantan Barat,Kab Kubu Raya,73,610885,139674,723,0.0116,0.0008,5.23,1.19,0.0212,0.0678,0.0197,341,Tier 3 - Cukup Tertangani,Over-served
11,1103,Aceh,Kab Aceh Selatan,31,256776,61358,535,0.0115,0.0072,5.05,1.21,0.021,0.0655,0.0196,342,Tier 3 - Cukup Tertangani,Over-served
33,3373,Jawa Tengah,Kota Salatiga,29,206246,38149,418,0.012,0.0068,7.6,1.41,0.0217,0.0986,0.0196,343,Tier 3 - Cukup Tertangani,Over-served
34,3402,DI Yogyakarta,Kab Bantul,125,1102191,187041,476,0.0118,0.0045,6.68,1.13,0.0214,0.0867,0.0196,344,Tier 3 - Cukup Tertangani,Over-served
71,7110,Sulawesi Utara,Kab Bolaang Mongondow Selatan,6,70245,17051,446,0.0113,0.0113,3.52,0.85,0.0205,0.0456,0.0196,345,Tier 3 - Cukup Tertangani,Low Priority
16,1612,Sumatera Selatan,Kab Penukal Abab Lematang Ilir,11,203613,54074,571,0.011,0.011,2.03,0.54,0.0201,0.0264,0.0195,346,Tier 3 - Cukup Tertangani,Low Priority
35,3513,Jawa Timur,Kab Probolinggo,0,1203479,219194,509,0.0106,0.0069,0.0,0.0,0.0193,0.0,0.0193,347,Tier 3 - Cukup Tertangani,Low Priority
52,5207,Nusa Tenggara Barat,Kab Sumbawa Barat,15,177205,35261,502,0.0112,0.002,4.25,0.85,0.0204,0.0552,0.0193,348,Tier 3 - Cukup Tertangani,Over-served
71,7108,Sulawesi Utara,Kab Kep Siau Tagulandang Biaro,11,67796,13272,310,0.0118,0.0,8.29,1.62,0.0215,0.1075,0.0192,349,Tier 3 - Cukup Tertangani,Over-served
71,7101,Sulawesi Utara,Kab Bolaang Mongondow,11,263611,56816,459,0.0107,0.0013,1.94,0.42,0.0195,0.0251,0.019,350,Tier 3 - Cukup Tertangani,Low Priority
74,7472,Sulawesi Tenggara,Kota Bau Bau,21,181648,43669,566,0.011,0.0055,4.81,1.16,0.02,0.0624,0.0188,351,Tier 3 - Cukup Tertangani,Over-served
19,1904,Kepulauan Bangka Belitung,Kab Bangka Tengah,15,204707,46180,519,0.0107,0.0026,3.25,0.73,0.0195,0.0421,0.0187,352,Tier 3 - Cukup Tertangani,Low Priority
18,1810,Lampung,Kab Pringsewu,62,416271,90080,555,0.0113,0.0092,6.88,1.49,0.0205,0.0893,0.0186,353,Tier 3 - Cukup Tertangani,Over-served
11,1175,Aceh,Kota Subulussalam,15,86133,25237,566,0.011,0.0047,5.94,1.74,0.0201,0.0771,0.0185,354,Tier 3 - Cukup Tertangani,Over-served
18,1813,Lampung,Kab Pesisir Barat,14,160768,37407,499,0.0107,0.0,3.74,0.87,0.0194,0.0485,0.0185,355,Tier 3 - Cukup Tertangani,Over-served
33,3304,Jawa Tengah,Kab Banjarnegara,108,938635,184273,569,0.011,0.0043,5.86,1.15,0.02,0.076,0.0185,356,Tier 3 - Cukup Tertangani,Over-served
35,3509,Jawa Timur,Kab Jember,225,2501131,471017,624,0.0107,0.0058,4.78,0.9,0.0195,0.062,0.0183,357,Tier 3 - Cukup Tertangani,Over-served
35,3504,Jawa Timur,Kab Tulungagung,132,1059709,182721,507,0.0111,0.0038,7.22,1.25,0.0201,0.0937,0.0182,358,Tier 3 - Cukup Tertangani,Over-served
32,3213,Jawa Barat,Kab Subang,197,1613904,319118,607,0.0109,0.0063,6.17,1.22,0.0198,0.0801,0.0182,359,Tier 3 - Cukup Tertangani,Over-served
32,3272,Jawa Barat,Kota Sukabumi,425,335764,69070,474,0.0493,0.0326,61.53,12.66,0.0896,0.7981,0.0181,360,Tier 3 - Cukup Tertangani,Sudah Tertangani
53,5371,Nusa Tenggara Timur,Kota Kupang,70,500616,103100,588,0.0109,0.0023,6.79,1.4,0.0197,0.0881,0.018,361,Tier 3 - Cukup Tertangani,Over-served
33,3309,Jawa Tengah,Kab Boyolali,124,998948,173035,550,0.0109,0.006,7.17,1.24,0.0198,0.093,0.018,362,Tier 3 - Cukup Tertangani,Over-served
35,3518,Jawa Timur,Kab Nganjuk,126,1067015,183925,559,0.0109,0.0087,6.85,1.18,0.0197,0.0889,0.018,363,Tier 3 - Cukup Tertangani,Over-served
35,3506,Jawa Timur,Kab Kediri,0,1605504,281746,580,0.0097,0.0067,0.0,0.0,0.0177,0.0,0.0177,364,Tier 3 - Cukup Tertangani,Low Priority
75,7505,Gorontalo,Kab Gorontalo Utara,5,112650,25742,510,0.01,0.0046,1.94,0.44,0.0181,0.0252,0.0176,365,Tier 3 - Cukup Tertangani,Low Priority
13,1306,Sumatera Barat,Kab Padang Pariaman,24,428405,107033,692,0.01,0.0012,2.24,0.56,0.0181,0.0291,0.0176,366,Tier 3 - Cukup Tertangani,Low Priority
73,7325,Sulawesi Selatan,Kab Luwu Timur,14,320313,73470,715,0.0099,0.0056,1.91,0.44,0.018,0.0247,0.0175,367,Tier 3 - Cukup Tertangani,Low Priority
14,1402,Riau,Kab Indragiri Hulu,28,461279,111192,605,0.0099,0.004,2.52,0.61,0.0179,0.0327,0.0173,368,Tier 3 - Cukup Tertangani,Low Priority
35,3502,Jawa Timur,Kab Ponorogo,77,879426,139435,465,0.0101,0.0056,5.52,0.88,0.0184,0.0716,0.0171,369,Tier 3 - Cukup Tertangani,Over-served
51,5171,Bali,Kota Denpasar,47,1072037,192638,532,0.0096,0.0,2.44,0.44,0.0175,0.0316,0.017,370,Tier 3 - Cukup Tertangani,Low Priority
17,1704,Bengkulu,Kab Kaur,7,128039,26291,436,0.0096,0.0071,2.66,0.55,0.0175,0.0345,0.0169,371,Tier 3 - Cukup Tertangani,Low Priority
17,1701,Bengkulu,Kab Bengkulu Selatan,11,189631,39845,493,0.0096,0.0068,2.76,0.58,0.0175,0.0358,0.0169,372,Tier 3 - Cukup Tertangani,Low Priority
35,3507,Jawa Timur,Kab Malang,0,2684039,471143,649,0.0093,0.0066,0.0,0.0,0.0168,0.0,0.0168,373,Tier 3 - Cukup Tertangani,Low Priority
12,1217,Sumatera Utara,Kab Samosir,9,127884,33492,602,0.0096,0.0008,2.69,0.7,0.0174,0.0349,0.0168,374,Tier 3 - Cukup Tertangani,Low Priority
17,1771,Bengkulu,Kota Bengkulu,46,388027,83362,564,0.0099,0.0037,5.52,1.19,0.018,0.0716,0.0168,375,Tier 3 - Cukup Tertangani,Over-served
13,1372,Sumatera Barat,Kota Solok,51,79465,18865,449,0.0141,0.0075,27.03,6.42,0.0257,0.3507,0.0167,376,Tier 3 - Cukup Tertangani,Over-served
73,7322,Sulawesi Selatan,Kab Luwu Utara,16,326276,77179,568,0.0094,0.0086,2.07,0.49,0.017,0.0269,0.0166,377,Tier 3 - Cukup Tertangani,Low Priority
12,1218,Sumatera Utara,Kab Serdang Bedagai,67,617162,141116,704,0.0097,0.0066,4.75,1.09,0.0176,0.0616,0.0165,378,Tier 3 - Cukup Tertangani,Over-served
11,1111,Aceh,Kab Aceh Utara,79,654615,167658,679,0.0094,0.0076,4.71,1.21,0.017,0.0611,0.016,379,Tier 3 - Cukup Tertangani,Over-served
14,1401,Riau,Kab Kuantan Singingi,31,324341,73240,542,0.0093,0.0008,4.23,0.96,0.0168,0.0549,0.0159,380,Tier 3 - Cukup Tertangani,Over-served
35,3515,Jawa Timur,Kab Sidoarjo,155,2444903,479206,695,0.009,0.0048,3.23,0.63,0.0164,0.042,0.0157,381,Tier 3 - Cukup Tertangani,Low Priority
12,1216,Sumatera Utara,Kab Pakpak Bharat,4,55127,14809,500,0.0089,0.007,2.7,0.73,0.0162,0.035,0.0156,382,Tier 3 - Cukup Tertangani,Low Priority
12,1205,Sumatera Utara,Kab Tapanuli Utara,34,311991,82976,677,0.0091,0.0059,4.1,1.09,0.0165,0.0532,0.0156,383,Tier 3 - Cukup Tertangani,Over-served
97,9707,Papua Pegunungan,Kab Yahukimo,2,203899,44612,304,0.0086,0.0031,0.45,0.1,0.0156,0.0058,0.0156,384,Tier 3 - Cukup Tertangani,Low Priority
11,1171,Aceh,Kota Banda Aceh,39,290857,59079,537,0.0093,0.0046,6.6,1.34,0.0169,0.0856,0.0155,385,Tier 3 - Cukup Tertangani,Over-served
63,6308,Kalimantan Selatan,Kab Hulu Sungai Utara,18,243414,59596,515,0.0087,0.0009,3.02,0.74,0.0158,0.0392,0.0152,386,Tier 4 - Low Priority,Low Priority
51,5102,Bali,Kab Tabanan,37,459700,72722,490,0.009,0.0047,5.09,0.8,0.0163,0.066,0.0152,387,Tier 4 - Low Priority,Over-served
73,7318,Sulawesi Selatan,Kab Tana Toraja,16,245025,56246,539,0.0087,0.0001,2.84,0.65,0.0157,0.0369,0.0152,388,Tier 4 - Low Priority,Low Priority
17,1706,Bengkulu,Kab Muko Muko,13,195643,44837,522,0.0086,0.0083,2.9,0.66,0.0156,0.0376,0.015,389,Tier 4 - Low Priority,Low Priority
21,2105,Kepulauan Riau,Kab Kepulauan Anambas,3,45005,9996,357,0.0085,0.0066,3.0,0.67,0.0154,0.0389,0.0148,390,Tier 4 - Low Priority,Low Priority
32,3271,Jawa Barat,Kota Bogor,818,1140318,226759,643,0.0151,0.004,36.07,7.17,0.0274,0.4679,0.0146,391,Tier 4 - Low Priority,Over-served
16,1604,Sumatera Selatan,Kab Lahat,13,428467,92692,543,0.0081,0.0058,1.4,0.3,0.0148,0.0182,0.0145,392,Tier 4 - Low Priority,Low Priority
71,7171,Sulawesi Utara,Kota Manado,45,435126,86033,441,0.0085,0.0048,5.23,1.03,0.0155,0.0678,0.0144,393,Tier 4 - Low Priority,Over-served
16,1613,Sumatera Selatan,Kab Musi Rawas Utara,19,204904,53013,520,0.0083,0.0083,3.58,0.93,0.015,0.0465,0.0143,394,Tier 4 - Low Priority,Low Priority
35,3524,Jawa Timur,Kab Lamongan,172,1209510,208560,524,0.0087,0.0073,8.25,1.42,0.0157,0.107,0.0141,395,Tier 4 - Low Priority,Over-served
19,1901,Kepulauan Bangka Belitung,Kab Bangka,18,352225,77297,558,0.0079,0.0001,2.33,0.51,0.0143,0.0302,0.0139,396,Tier 4 - Low Priority,Low Priority
35,3510,Jawa Timur,Kab Banyuwangi,150,1633334,292299,555,0.0081,0.0017,5.13,0.92,0.0148,0.0666,0.0138,397,Tier 4 - Low Priority,Over-served
71,7173,Sulawesi Utara,Kota Tomohon,11,114004,21323,325,0.0081,0.0001,5.16,0.96,0.0147,0.0669,0.0137,398,Tier 4 - Low Priority,Over-served
33,3323,Jawa Tengah,Kab Temanggung,89,797534,143412,519,0.0082,0.0057,6.21,1.12,0.0148,0.0805,0.0136,399,Tier 4 - Low Priority,Over-served
36,3671,Banten,Kota Tangerang,407,2405464,464244,735,0.0084,0.0008,8.77,1.69,0.0153,0.1137,0.0136,400,Tier 4 - Low Priority,Over-served
35,3574,Jawa Timur,Kota Probolinggo,145,248255,48596,449,0.0121,0.0025,29.84,5.84,0.0219,0.387,0.0134,401,Tier 4 - Low Priority,Over-served
35,3572,Jawa Timur,Kota Blitar,158,146927,27869,396,0.0279,0.0166,56.69,10.75,0.0507,0.7354,0.0134,402,Tier 4 - Low Priority,Sudah Tertangani
11,1116,Aceh,Kab Aceh Jaya,11,101270,20638,423,0.0077,0.0036,5.33,1.09,0.014,0.0691,0.0131,403,Tier 4 - Low Priority,Over-served
33,3307,Jawa Tengah,Kab Wonosobo,116,796585,154415,531,0.0079,0.0048,7.51,1.46,0.0144,0.0974,0.013,404,Tier 4 - Low Priority,Over-served
34,3401,DI Yogyakarta,Kab Kulon Progo,53,462754,81264,403,0.0076,0.0032,6.52,1.15,0.0138,0.0846,0.0126,405,Tier 4 - Low Priority,Over-served
64,6403,Kalimantan Timur,Kab Kutai Kartanegara,44,818897,177223,670,0.0071,0.0021,2.48,0.54,0.0129,0.0322,0.0125,406,Tier 4 - Low Priority,Low Priority
74,7403,Sulawesi Tenggara,Kab Konawe,26,258607,60037,579,0.0072,0.0038,4.33,1.01,0.0132,0.0562,0.0124,407,Tier 4 - Low Priority,Over-served
75,7502,Gorontalo,Kab Gorontalo,0,377059,77984,545,0.0068,0.0068,0.0,0.0,0.0124,0.0,0.0124,408,Tier 4 - Low Priority,Low Priority
15,1508,Jambi,Kab Tebo,14,370320,81028,581,0.0069,0.0017,1.73,0.38,0.0126,0.0224,0.0123,409,Tier 4 - Low Priority,Low Priority
61,6102,Kalimantan Barat,Kab Bengkayang,22,275865,65913,636,0.0071,0.0049,3.34,0.8,0.0128,0.0433,0.0123,410,Tier 4 - Low Priority,Low Priority
74,7408,Sulawesi Tenggara,Kab Kolaka Utara,12,165907,39137,524,0.007,0.0033,3.07,0.72,0.0127,0.0398,0.0122,411,Tier 4 - Low Priority,Low Priority
62,6201,Kalimantan Tengah,Kab Kotawaringin Barat,13,331804,65461,477,0.0068,0.0003,1.99,0.39,0.0124,0.0258,0.0121,412,Tier 4 - Low Priority,Low Priority
19,1906,Kepulauan Bangka Belitung,Kab Belitung Timur,11,135095,26799,421,0.007,0.0,4.1,0.81,0.0127,0.0532,0.0121,413,Tier 4 - Low Priority,Over-served
35,3579,Jawa Timur,Kota Batu,26,217100,36833,389,0.0071,0.0052,7.06,1.2,0.0129,0.0916,0.0117,414,Tier 4 - Low Priority,Over-served
35,3508,Jawa Timur,Kab Lumajang,89,1053803,174923,468,0.0069,0.0054,5.09,0.84,0.0125,0.066,0.0117,415,Tier 4 - Low Priority,Over-served
32,3218,Jawa Barat,Kab Pangandaran,55,412271,70197,382,0.0071,0.003,7.84,1.33,0.0129,0.1016,0.0116,416,Tier 4 - Low Priority,Over-served
61,6109,Kalimantan Barat,Kab Sekadau,14,207358,47709,458,0.0066,0.0,2.93,0.68,0.012,0.0381,0.0115,417,Tier 4 - Low Priority,Low Priority
16,1603,Sumatera Selatan,Kab Muara Enim,47,685993,161036,628,0.0065,0.0033,2.92,0.69,0.0118,0.0379,0.0113,418,Tier 4 - Low Priority,Low Priority
35,3571,Jawa Timur,Kota Kediri,241,297037,53927,417,0.0145,0.0132,44.69,8.11,0.0264,0.5797,0.0111,419,Tier 4 - Low Priority,Over-served
21,2104,Kepulauan Riau,Kab Lingga,7,90272,19938,427,0.0064,0.0001,3.51,0.78,0.0115,0.0455,0.011,420,Tier 4 - Low Priority,Low Priority
16,1673,Sumatera Selatan,Kota Pagar Alam,14,145421,31233,448,0.0064,0.0061,4.48,0.96,0.0117,0.0581,0.011,421,Tier 4 - Low Priority,Over-served
12,1222,Sumatera Utara,Kab Labuhanbatu Selatan,21,384153,95136,578,0.0062,0.0009,2.21,0.55,0.0112,0.0286,0.0109,422,Tier 4 - Low Priority,Low Priority
35,3511,Jawa Timur,Kab Bondowoso,81,792735,124211,364,0.0065,0.0038,6.52,1.02,0.0118,0.0846,0.0108,423,Tier 4 - Low Priority,Over-served
64,6402,Kalimantan Timur,Kab Kutai Barat,3,151939,32740,460,0.0059,0.0026,0.92,0.2,0.0107,0.0119,0.0106,424,Tier 4 - Low Priority,Low Priority
35,3529,Jawa Timur,Kab Sumenep,104,1107295,179960,445,0.0063,0.0059,5.78,0.94,0.0114,0.075,0.0106,425,Tier 4 - Low Priority,Over-served
12,1211,Sumatera Utara,Kab Karo,39,460328,106907,568,0.0061,0.0001,3.65,0.85,0.0111,0.0473,0.0106,426,Tier 4 - Low Priority,Low Priority
33,3306,Jawa Tengah,Kab Purworejo,73,717625,138510,498,0.0061,0.0018,5.27,1.02,0.0112,0.0684,0.0104,427,Tier 4 - Low Priority,Over-served
36,3674,Banten,Kota Tangerang Selatan,120,1864205,355313,610,0.0059,0.0022,3.38,0.64,0.0108,0.0438,0.0103,428,Tier 4 - Low Priority,Low Priority
21,2101,Kepulauan Riau,Kab Karimun,29,243306,58494,545,0.0059,0.0,4.96,1.19,0.0107,0.0643,0.01,429,Tier 4 - Low Priority,Over-served
62,6212,Kalimantan Tengah,Kab Barito Timur,5,133039,27212,402,0.0055,0.0002,1.84,0.38,0.01,0.0238,0.0097,430,Tier 4 - Low Priority,Low Priority
18,1872,Lampung,Kota Metro,34,179850,37892,434,0.006,0.0058,8.97,1.89,0.011,0.1164,0.0097,431,Tier 4 - Low Priority,Over-served
35,3520,Jawa Timur,Kab Magetan,67,638827,99120,484,0.0056,0.0016,6.76,1.05,0.0101,0.0877,0.0092,432,Tier 4 - Low Priority,Over-served
18,1801,Lampung,Kab Lampung Barat,29,314514,68349,480,0.0052,0.0001,4.24,0.92,0.0094,0.055,0.0089,433,Tier 4 - Low Priority,Over-served
71,7103,Sulawesi Utara,Kab Kepulauan Sangihe,9,132840,25062,356,0.005,0.0,3.59,0.68,0.0091,0.0466,0.0087,434,Tier 4 - Low Priority,Low Priority
73,7303,Sulawesi Selatan,Kab Bantaeng,26,191957,40507,515,0.0052,0.003,6.42,1.35,0.0095,0.0833,0.0087,435,Tier 4 - Low Priority,Over-served
73,7305,Sulawesi Selatan,Kab Takalar,43,304776,60952,596,0.005,0.0012,7.05,1.41,0.0091,0.0915,0.0083,436,Tier 4 - Low Priority,Over-served
64,6471,Kalimantan Timur,Kota Balikpapan,38,654569,130834,625,0.0047,0.0044,2.9,0.58,0.0085,0.0377,0.0082,437,Tier 4 - Low Priority,Low Priority
73,7315,Sulawesi Selatan,Kab Pinrang,45,388251,82921,591,0.0048,0.0023,5.43,1.16,0.0088,0.0704,0.0082,438,Tier 4 - Low Priority,Over-served
11,1107,Aceh,Kab Aceh Barat,19,222921,49482,537,0.0047,0.0013,3.84,0.85,0.0085,0.0498,0.008,439,Tier 4 - Low Priority,Over-served
13,1309,Sumatera Barat,Kab Pasaman,27,299195,76136,584,0.0046,0.0,3.55,0.9,0.0084,0.046,0.008,440,Tier 4 - Low Priority,Low Priority
82,8206,Maluku Utara,Kab Halmahera Timur,7,104907,25284,524,0.0044,0.0039,2.77,0.67,0.008,0.0359,0.0077,441,Tier 4 - Low Priority,Low Priority
31,3171,DKI Jakarta,Kota ADM Jakarta Selatan,132,2345815,423867,635,0.0042,0.0004,3.11,0.56,0.0077,0.0404,0.0074,442,Tier 4 - Low Priority,Low Priority
12,1203,Sumatera Utara,Kab Tapanuli Selatan,14,288390,78864,642,0.004,0.0023,1.78,0.49,0.0074,0.023,0.0072,443,Tier 4 - Low Priority,Low Priority
74,7405,Sulawesi Tenggara,Kab Konawe Selatan,29,334668,80258,627,0.0041,0.0,3.61,0.87,0.0075,0.0469,0.0072,444,Tier 4 - Low Priority,Low Priority
13,1377,Sumatera Barat,Kota Pariaman,6,94838,24662,486,0.0041,0.0006,2.43,0.63,0.0074,0.0316,0.0072,445,Tier 4 - Low Priority,Low Priority
16,1605,Sumatera Selatan,Kab Musi Rawas,50,431550,94177,561,0.0042,0.0042,5.31,1.16,0.0076,0.0689,0.0071,446,Tier 4 - Low Priority,Over-served
92,9204,Papua Barat Daya,Kab Maybrat,0,46643,12532,398,0.0037,0.0013,0.0,0.0,0.0068,0.0,0.0068,447,Tier 4 - Low Priority,Low Priority
33,3301,Jawa Tengah,Kab Cilacap,203,1745141,363196,674,0.004,0.0011,5.59,1.16,0.0073,0.0725,0.0067,448,Tier 4 - Low Priority,Over-served
11,1172,Aceh,Kota Sabang,3,35680,8077,422,0.0038,0.0035,3.71,0.84,0.007,0.0482,0.0067,449,Tier 4 - Low Priority,Low Priority
62,6205,Kalimantan Tengah,Kab Barito Utara,6,134787,28622,384,0.0037,0.0005,2.1,0.45,0.0067,0.0272,0.0066,450,Tier 4 - Low Priority,Low Priority
35,3522,Jawa Timur,Kab Bojonegoro,144,1261313,209282,499,0.0039,0.0019,6.88,1.14,0.0071,0.0893,0.0064,451,Tier 4 - Low Priority,Over-served
15,1507,Jambi,Kab Tanjung Jabung Barat,15,350345,74294,481,0.0036,0.0012,2.02,0.43,0.0066,0.0262,0.0064,452,Tier 4 - Low Priority,Low Priority
12,1221,Sumatera Utara,Kab Padang Lawas,13,323676,86635,651,0.0034,0.0034,1.5,0.4,0.0062,0.0195,0.0061,453,Tier 4 - Low Priority,Low Priority
96,9601,Papua Tengah,Kab Mimika,19,228600,53230,582,0.0035,0.0,3.57,0.83,0.0064,0.0463,0.0061,454,Tier 4 - Low Priority,Low Priority
11,1113,Aceh,Kab Gayo Lues,17,98956,25144,449,0.0036,0.0024,6.76,1.72,0.0066,0.0877,0.006,455,Tier 4 - Low Priority,Over-served
17,1707,Bengkulu,Kab Lebong,4,120717,24416,386,0.0033,0.0,1.64,0.33,0.006,0.0213,0.0059,456,Tier 4 - Low Priority,Low Priority
12,1271,Sumatera Utara,Kota Sibolga,11,87736,19562,472,0.0033,0.0026,5.62,1.25,0.0061,0.0729,0.0056,457,Tier 4 - Low Priority,Over-served
61,6108,Kalimantan Barat,Kab Kapuas Hulu,15,283942,61493,563,0.0032,0.0,2.44,0.53,0.0057,0.0316,0.0056,458,Tier 4 - Low Priority,Low Priority
64,6405,Kalimantan Timur,Kab Berau,16,246743,52563,578,0.003,0.001,3.04,0.65,0.0054,0.0395,0.0052,459,Tier 4 - Low Priority,Low Priority
74,7411,Sulawesi Tenggara,Kab Kolaka Timur,8,151010,35806,487,0.0028,0.0,2.23,0.53,0.0051,0.029,0.005,460,Tier 4 - Low Priority,Low Priority
32,3279,Jawa Barat,Kota Banjar,40,191530,39624,413,0.0031,0.0022,10.09,2.09,0.0056,0.1309,0.0049,461,Tier 4 - Low Priority,Over-served
19,1902,Kepulauan Bangka Belitung,Kab Belitung,13,198149,40214,424,0.0027,0.0026,3.23,0.66,0.0049,0.0419,0.0047,462,Tier 4 - Low Priority,Low Priority
18,1812,Lampung,Kab Tulang Bawang Barat,42,283198,60653,478,0.0028,0.0016,6.92,1.48,0.0051,0.0898,0.0046,463,Tier 4 - Low Priority,Over-served
35,3527,Jawa Timur,Kab Sampang,152,1038037,254826,621,0.0027,0.0024,5.96,1.46,0.0049,0.0774,0.0046,464,Tier 4 - Low Priority,Over-served
96,9602,Papua Tengah,Kab Dogiyai,0,102098,19346,208,0.0025,0.0016,0.0,0.0,0.0045,0.0,0.0045,465,Tier 4 - Low Priority,Low Priority
64,6474,Kalimantan Timur,Kota Bontang,21,192428,44070,578,0.0025,0.0,4.77,1.09,0.0046,0.0618,0.0043,466,Tier 4 - Low Priority,Over-served
73,7314,Sulawesi Selatan,Kab Sidenreng Rappang,28,309792,61540,562,0.0025,0.0022,4.55,0.9,0.0046,0.059,0.0043,467,Tier 4 - Low Priority,Over-served
74,7404,Sulawesi Tenggara,Kab Kolaka,18,289142,66523,637,0.0024,0.0007,2.71,0.62,0.0044,0.0351,0.0043,468,Tier 4 - Low Priority,Low Priority
72,7203,Sulawesi Tengah,Kab Morowali,12,131481,29544,481,0.0025,0.0024,4.06,0.91,0.0045,0.0527,0.0043,469,Tier 4 - Low Priority,Over-served
35,3523,Jawa Timur,Kab Tuban,140,1195238,206707,525,0.0025,0.0016,6.77,1.17,0.0045,0.0879,0.0041,470,Tier 4 - Low Priority,Over-served
73,7316,Sulawesi Selatan,Kab Enrekang,13,215250,52154,563,0.0023,0.0002,2.49,0.6,0.0042,0.0323,0.004,471,Tier 4 - Low Priority,Low Priority
35,3577,Jawa Timur,Kota Madiun,84,179060,30756,374,0.0033,0.0026,27.31,4.69,0.0059,0.3543,0.0038,472,Tier 4 - Low Priority,Over-served
74,7406,Sulawesi Tenggara,Kab Bombana,18,198700,46540,570,0.0022,0.001,3.87,0.91,0.004,0.0502,0.0038,473,Tier 4 - Low Priority,Over-served
74,7412,Sulawesi Tenggara,Kab Konawe Kepulauan,2,34736,9434,412,0.0019,0.0002,2.12,0.58,0.0035,0.0275,0.0034,474,Tier 4 - Low Priority,Low Priority
21,2103,Kepulauan Riau,Kab Natuna,12,83465,21465,476,0.002,0.0009,5.59,1.44,0.0037,0.0725,0.0034,475,Tier 4 - Low Priority,Over-served
73,7310,Sulawesi Selatan,Kab Barru,23,176554,36893,477,0.0019,0.0,6.23,1.3,0.0035,0.0809,0.0032,476,Tier 4 - Low Priority,Over-served
62,6207,Kalimantan Tengah,Kab Lamandau,2,86840,17758,387,0.0018,0.0002,1.13,0.23,0.0032,0.0146,0.0031,477,Tier 4 - Low Priority,Low Priority
63,6301,Kalimantan Selatan,Kab Tanah Laut,19,361007,80685,477,0.0018,0.0,2.35,0.53,0.0032,0.0305,0.0031,478,Tier 4 - Low Priority,Low Priority
51,5105,Bali,Kab Klungkung,12,183208,33247,497,0.0018,0.0004,3.61,0.65,0.0032,0.0468,0.0031,479,Tier 4 - Low Priority,Low Priority
63,6307,Kalimantan Selatan,Kab Hulu Sungai Tengah,16,276872,59090,421,0.0016,0.0016,2.71,0.58,0.0029,0.0351,0.0028,480,Tier 4 - Low Priority,Low Priority
74,7407,Sulawesi Tenggara,Kab Wakatobi,9,104350,25978,526,0.0015,0.001,3.46,0.86,0.0028,0.0449,0.0026,481,Tier 4 - Low Priority,Low Priority
63,6311,Kalimantan Selatan,Kab Balangan,10,138296,32441,454,0.0014,0.001,3.08,0.72,0.0026,0.04,0.0025,482,Tier 4 - Low Priority,Low Priority
35,3501,Jawa Timur,Kab Pacitan,48,558627,87087,410,0.0014,0.0,5.51,0.86,0.0026,0.0715,0.0024,483,Tier 4 - Low Priority,Over-served
13,1311,Sumatera Barat,Kab Dharmasraya,16,293662,64223,526,0.0014,0.0007,2.49,0.54,0.0025,0.0323,0.0024,484,Tier 4 - Low Priority,Low Priority
96,9603,Papua Tengah,Kab Deiyai,1,80002,12571,120,0.0013,0.0013,0.8,0.12,0.0023,0.0103,0.0023,485,Tier 4 - Low Priority,Low Priority
94,9428,Papua,Kab Mamberamo Raya,0,26549,5860,270,0.0011,0.0008,0.0,0.0,0.0021,0.0,0.0021,486,Tier 4 - Low Priority,Low Priority
63,6303,Kalimantan Selatan,Kab Banjar,32,616674,136294,549,0.001,0.0,2.35,0.52,0.0019,0.0305,0.0018,487,Tier 4 - Low Priority,Low Priority
51,5101,Bali,Kab Jembrana,29,287532,57103,454,0.001,0.0,5.08,1.01,0.0018,0.0659,0.0017,488,Tier 4 - Low Priority,Over-served
35,3576,Jawa Timur,Kota Mojokerto,137,134102,24192,341,0.0035,0.0027,56.63,10.22,0.0064,0.7346,0.0017,489,Tier 4 - Low Priority,Over-served
73,7312,Sulawesi Selatan,Kab Soppeng,18,230560,39562,396,0.0009,0.0,4.55,0.78,0.0016,0.059,0.0015,490,Tier 4 - Low Priority,Over-served
63,6304,Kalimantan Selatan,Kab Barito Kuala,12,323796,69942,480,0.0006,0.0,1.72,0.37,0.0012,0.0223,0.0011,491,Tier 4 - Low Priority,Low Priority
17,1708,Bengkulu,Kab Kepahiang,8,146439,30046,443,0.0005,0.0003,2.66,0.55,0.0009,0.0345,0.0009,492,Tier 4 - Low Priority,Low Priority
73,7313,Sulawesi Selatan,Kab Wajo,39,412104,79773,527,0.0004,0.0004,4.89,0.95,0.0008,0.0634,0.0007,493,Tier 4 - Low Priority,Over-served
76,7602,Sulawesi Barat,Kab Polewali Mandar,59,451575,101450,655,0.0004,0.0003,5.82,1.31,0.0007,0.0754,0.0007,494,Tier 4 - Low Priority,Over-served
13,1308,Sumatera Barat,Kab Lima Puluh Kota,19,403684,88470,546,0.0003,0.0001,2.15,0.47,0.0005,0.0279,0.0005,495,Tier 4 - Low Priority,Low Priority
96,9604,Papua Tengah,Kab Nabire,14,150886,34360,572,0.0003,0.0,4.07,0.93,0.0005,0.0529,0.0005,496,Tier 4 - Low Priority,Over-served
16,1601,Sumatera Selatan,Kab Ogan Komering Ulu,30,392778,89709,632,0.0001,0.0,3.34,0.76,0.0002,0.0434,0.0002,497,Tier 4 - Low Priority,Low Priority
19,1903,Kepulauan Bangka Belitung,Kab Bangka Barat,16,222788,50963,507,0.0001,0.0,3.14,0.72,0.0001,0.0407,0.0001,498,Tier 4 - Low Priority,Low Priority
33,3312,Jawa Tengah,Kab Wonogiri,89,958296,155381,539,0.0,0.0,5.73,0.93,0.0,0.0743,0.0,499,Tier 4 - Low Priority,Over-served
97,9706,Papua Pegunungan,Kab Yalimo,0,72729,21664,448,0.0,0.0,0.0,0.0,0.0,0.0,0.0,499,Tier 4 - Low Priority,Low Priority
97,9705,Papua Pegunungan,Kab Mamberamo Tengah,0,58419,17711,346,0.0,0.0,0.0,0.0,0.0,0.0,0.0,499,Tier 4 - Low Priority,Low Priority
97,9703,Papua Pegunungan,Kab Lanny Jaya,6,215343,65393,409,0.0,0.0,0.92,0.28,0.0,0.0119,0.0,499,Tier 4 - Low Priority,Low Priority
97,9701,Papua Pegunungan,Kab Nduga,0,122473,38280,602,0.0,0.0,0.0,0.0,0.0,0.0,0.0,499,Tier 4 - Low Priority,Low Priority
51,5107,Bali,Kab Karangasem,24,426877,87004,567,0.0,0.0,2.76,0.56,0.0,0.0358,0.0,499,Tier 4 - Low Priority,Low Priority
51,5104,Bali,Kab Gianyar,30,539694,97259,534,0.0,0.0,3.08,0.56,0.0,0.04,0.0,499,Tier 4 - Low Priority,Low Priority
51,5103,Bali,Kab Badung,29,773263,144572,503,0.0,0.0,2.01,0.38,0.0,0.026,0.0,499,Tier 4 - Low Priority,Low Priority
63,6305,Kalimantan Selatan,Kab Tapin,16,198129,42264,407,0.0,0.0,3.79,0.81,0.0,0.0491,0.0,499,Tier 4 - Low Priority,Over-served
12,1220,Sumatera Utara,Kab Padang Lawas Utara,7,308662,84692,629,0.0,0.0,0.83,0.23,0.0,0.0107,0.0,499,Tier 4 - Low Priority,Low Priority
63,6306,Kalimantan Selatan,Kab Hulu Sungai Selatan,21,241720,51476,418,0.0,0.0,4.08,0.87,0.0,0.0529,0.0,499,Tier 4 - Low Priority,Over-served
63,6309,Kalimantan Selatan,Kab Tabalong,20,267514,61306,491,0.0,0.0,3.26,0.75,0.0,0.0423,0.0,499,Tier 4 - Low Priority,Low Priority
35,3505,Jawa Timur,Kab Blitar,0,1176719,194662,538,0.0,0.0,0.0,0.0,0.0,0.0,0.0,499,Tier 4 - Low Priority,Low Priority
33,3371,Jawa Tengah,Kota Magelang,169,122052,21921,313,0.0295,0.0069,77.09,13.85,0.0536,1.0,0.0,499,Tier 4 - Low Priority,Sudah Tertangani
96,9607,Papua Tengah,Kab Puncak,0,117891,28077,590,0.0,0.0,0.0,0.0,0.0,0.0,0.0,499,Tier 4 - Low Priority,Low Priority
11,1115,Aceh,Kab Nagan Raya,14,176609,39056,442,0.0,0.0,3.58,0.79,0.0,0.0465,0.0,499,Tier 4 - Low Priority,Low Priority
